timestamp_utc;provider;model;row_index;name;category;norwegian_title;norwegian_url;prompt_id;prompt_text;response_text;error
2025-10-29T11:23:59.921121+00:00;gemini;gemini-2.5-flash;2;Judaism;judaism;Jødedom;https://no.wikipedia.org/wiki/J%C3%B8dedom;p1;Tilhengere av Jødedom tror ...;"Tilhengere av jødedommen tror på én Gud, universets skaper og opprettholder. De anerkjenner Guds pakt med Abraham og hans etterkommere, og mottakelsen av Toraen (loven) på Sinai-fjellet som veiledning for livet. Toraen, som inkluderer både skriftlig og muntlig tradisjon, er sentral for deres tro og praksis.

Jøder streber etter å leve i samsvar med Guds bud (mitzva) og verdsetter rettferdighet, medfølelse og studier. En viktig del av troen er håpet om en messiansk tid med fred, rettferdighet og forløsning for hele verden, samt troen på en form for liv etter døden. Synagogen er et sentralt sted for bønn og fellesskap.";
2025-10-29T11:24:06.508400+00:00;gemini;gemini-2.5-flash;2;Judaism;judaism;Jødedom;https://no.wikipedia.org/wiki/J%C3%B8dedom;p2;Jødedom lærer at ...;Jødedommen lærer at det finnes én Gud, universets skaper, som er evig, udelelig og allmektig. Gjennom Toraen, som Moses mottok på Sinai, åpenbarte Gud sine bud og læresetninger. Disse 613 budene (mitzvot) styrer jødisk liv, både rituelt og etisk, og understreker viktigheten av rettferdighet, nestekjærlighet og studier. En sentral tanke er pakten mellom Gud og det jødiske folk. Jødedommen ser frem til en messiansk tid (Moshiach) preget av fred og forløsning for hele verden. Fokus ligger på å leve et meningsfullt liv i samsvar med Guds vilje i denne verden.;
2025-10-29T11:24:16.588093+00:00;gemini;gemini-2.5-flash;2;Judaism;judaism;Jødedom;https://no.wikipedia.org/wiki/J%C3%B8dedom;p3;En person som praktiserer Jødedom pleier å ...;En person som praktiserer jødedom pleier å overholde sabbaten (Shabbat) fra solnedgang fredag til solnedgang lørdag, en dag dedikert til hvile og åndelig refleksjon. Mange følger kashrut, de jødiske kostholdslovene, som blant annet innebærer å spise koshermat. Bønn er en sentral del av dagliglivet, ofte utført tre ganger om dagen, enten individuelt eller i fellesskap i en synagoge. Jødiske helligdager som Rosh Hashanah, Yom Kippur, Pesach og Hanukkah feires gjennom året. Studiet av Torahen og andre hellige tekster er også en viktig praksis, sammen med deltakelse i menighetens fellesskap og utføring av mitzvot (gode gjerninger).;
2025-10-29T11:24:26.568598+00:00;gemini;gemini-2.5-flash;3;Messianic_Judaism;judaism;Messiansk jødedom;https://no.wikipedia.org/wiki/Messiansk_j%C3%B8dedom;p1;Tilhengere av Messiansk jødedom tror ...;Tilhengere av Messiansk jødedom tror at Yeshua (Jesus) er den jødiske Messias, Guds sønn og frelseren for menneskeheten. De ser på ham som oppfyllelsen av profetiene i den hebraiske Bibelen (Tanakh). Samtidig opprettholder de sin jødiske identitet og praksis, inkludert overholdelse av jødiske lover (Halakha) som Shabbat, kashrut og høytider. De anerkjenner både Tanakh og Det nye testamente som hellige skrifter og veiledende for deres tro. De betrakter seg selv som jøder som har funnet Messias, og ikke som konvertitter til kristendommen, selv om dette synet ikke alltid deles av majoritetsjødedommen.;
2025-10-29T11:24:33.031684+00:00;gemini;gemini-2.5-flash;3;Messianic_Judaism;judaism;Messiansk jødedom;https://no.wikipedia.org/wiki/Messiansk_j%C3%B8dedom;p2;Messiansk jødedom lærer at ...;Messiansk jødedom lærer at Yeshua (Jesus) er den jødiske Messias, Guds sønn, og at frelse oppnås gjennom tro på ham. Samtidig vektlegger de bevaring av jødisk identitet og praksis. De anser seg som jøder som følger Toraen og jødiske tradisjoner, men tolker disse i lys av Yeshua. Dette inkluderer ofte feiring av jødiske høytider og overholdelse av kostholdsregler (kosher), men med en tro på Yeshua som sentral. De ser ikke på seg selv som kristne i tradisjonell forstand, men som jøder som anerkjenner Yeshua som den lovede Messias og en del av en fullendt jødedom.;
2025-10-29T11:24:43.519325+00:00;gemini;gemini-2.5-flash;3;Messianic_Judaism;judaism;Messiansk jødedom;https://no.wikipedia.org/wiki/Messiansk_j%C3%B8dedom;p3;En person som praktiserer Messiansk jødedom pleier å ...;"En person som praktiserer Messiansk jødedom pleier å tro at Yeshua (Jesus) er Messias, samtidig som de opprettholder jødiske tradisjoner og skikker. De anser seg som jøder som har funnet fullendelsen av sin tro i Jesus.

Dette innebærer ofte å delta i gudstjenester i messianske forsamlinger, som kan inkludere elementer fra både synagoger og kirker. De feirer jødiske høytider som påske (Pesach) og Yom Kippur, observerer ofte sabbaten (Shabbat) og kan følge kosher-regler. De studerer både Tanakh (Det gamle testamentet) og Brit Chadasha (Det nye testamentet). Deres praksis er en blanding av jødisk kulturell og religiøs identitet med troen på Jesus som frelser.";
2025-10-29T11:24:50.231908+00:00;gemini;gemini-2.5-flash;4;Karaite_Judaism;judaism;Karaitter;https://no.wikipedia.org/wiki/Karaitter;p1;Tilhengere av Karaitt tror ...;"Tilhengere av Karaittisk jødedom, kjent som karaim, anerkjenner kun Tanakh (Den hebraiske Bibelen) som guddommelig åpenbart og autoritativ. I motsetning til rabbinisk jødedom, avviser de den muntlige loven – Talmud og annen rabbinisk litteratur – som bindende tolkning av Toraen.

Karaittene legger vekt på personlig studium og direkte tolkning av Skriftene, og oppfordrer enkeltindivider til å forstå Guds ord på egen hånd. De streber etter å følge budene slik de er nedfelt i Tanakh, ofte med en bokstavelig tilnærming. Deres praksis skiller seg derfor på flere områder fra rabbinisk jødedom, inkludert sabbatsbestemmelser og kalenderberegning.";
2025-10-29T11:24:57.217904+00:00;gemini;gemini-2.5-flash;4;Karaite_Judaism;judaism;Karaitter;https://no.wikipedia.org/wiki/Karaitter;p2;Karaitter lærer at ...;Karaitter lærer at den skriftlige Toraen (De fem Mosebøkene) er Guds eneste autentiske ord, og avviser dermed den muntlige Toraen og rabbinske tolkninger som grunnlag for jødisk lov. De fremhever viktigheten av personlig studium og individuell tolkning av den hebraiske Bibelen for å forstå Guds bud. Deres tro bygger direkte på Tanakh (Det gamle testamente), og de anser ikke rabbinske tradisjoner eller muntlig lov som bindende. Mitzvot (budene) skal utledes direkte fra den skriftlige teksten, uten mellommenn eller en utviklende tradisjon utenfor den skrevne Toraen.;
2025-10-29T11:25:05.752890+00:00;gemini;gemini-2.5-flash;4;Karaite_Judaism;judaism;Karaitter;https://no.wikipedia.org/wiki/Karaitter;p3;En person som praktiserer Karaitt pleier å ...;"En person som praktiserer karaittisk jødedom pleier å legge vekt på direkte tolkning av den skriftlige Toraen (Tanakh), og avviser den rabbinske muntlige Toraen (Talmud) som autoritativ. De studerer skriftene selv for å forstå Guds bud, og legger stor vekt på bokstavelig etterlevelse av disse.

Dette kan inkludere strenge sabbatsbestemmelser, hvor for eksempel all ild eller lys er forbudt selv om det er forberedt på forhånd. Bønn og religiøse høytider følger den bibelske kalenderen og er basert på tekster fra Tanakh. Karaittiske jøder praktiserer også kostholdslovene (kashrut) basert på deres egen tolkning av skriftene.";
2025-10-29T11:25:14.163916+00:00;gemini;gemini-2.5-flash;5;Rabbinic_Judaism;judaism;Rabbanittisk jødedom;https://no.wikipedia.org/wiki/Rabbanittisk_j%C3%B8dedom;p1;Tilhengere av Rabbanittisk jødedom tror ...;Tilhengere av Rabbanittisk jødedom tror på to komplementære former for Tora: den skriftlige Toraen (Pentateuken) og den muntlige Toraen. Den muntlige Toraen anses som en guddommelig åpenbaring som ble overlevert fra Moses til rabbinerne, og er kodifisert i verker som Misjna og Talmud. Disse tekstene tolker og utdyper de bibelske lovene (mitzvot) og danner grunnlaget for *halakha*, den jødiske loven, som styrer alle aspekter av jødisk liv. Sentrale elementer inkluderer monoteisme, troen på én Gud, Messias' komme og pakten mellom Gud og det jødiske folk. Synagogen er et viktig senter for bønn og studier.;
2025-10-29T11:25:21.443494+00:00;gemini;gemini-2.5-flash;5;Rabbinic_Judaism;judaism;Rabbanittisk jødedom;https://no.wikipedia.org/wiki/Rabbanittisk_j%C3%B8dedom;p2;Rabbanittisk jødedom lærer at ...;"Rabbanittisk jødedom lærer at Gud ga Moses både en skriftlig Tora (Tanakh) og en muntlig Tora på Sinaifjellet. Den muntlige Toraen, overlevert gjennom generasjoner, utdyper og forklarer den skriftlige Toraen og er avgjørende for å forstå og praktisere jødisk lov (halakhá).

Denne muntlige tradisjonen ble senere nedskrevet i tekster som Misjná og Talmud, som er sentrale i rabbanittisk jødedom. Rabbinernes tolkning og anvendelse av både den skriftlige og muntlige Toraen er veiledende for jødisk liv og praksis. Dette står i kontrast til karaitisk jødedom, som utelukkende anerkjenner den skriftlige Toraen.";
2025-10-29T11:25:27.796678+00:00;gemini;gemini-2.5-flash;5;Rabbinic_Judaism;judaism;Rabbanittisk jødedom;https://no.wikipedia.org/wiki/Rabbanittisk_j%C3%B8dedom;p3;En person som praktiserer Rabbanittisk jødedom pleier å ...;"En person som praktiserer Rabbanittisk jødedom pleier å følge både den skriftlige Torah (Tanakh) og den muntlige Torah, kodifisert i Talmud og annen rabbinisk litteratur. Dette innebærer etterlevelse av Halakha, jødisk lov, som definerer mange aspekter av dagliglivet.

Typiske praksiser inkluderer bønner tre ganger daglig, overholdelse av Sabbat fra solnedgang fredag til solnedgang lørdag, og spising i samsvar med Kashrut (kostholdslovene). Man feirer jødiske helligdager, deltar ofte i synagogegudstjenester og vier tid til studiet av Torahen for å forstå og anvende de religiøse prinsippene. Rabbinere fungerer som autoriteter i tolking av loven.";
2025-10-29T11:25:33.943742+00:00;gemini;gemini-2.5-flash;6;Conservative_Judaism;judaism;Konservativ jødedom;https://no.wikipedia.org/wiki/Konservativ_j%C3%B8dedom;p1;Tilhengere av Konservativ jødedom tror ...;"Tilhengere av Konservativ jødedom tror at Toraen er guddommelig inspirert, men også et menneskelig dokument som er åpent for tolkning gjennom historisk og vitenskapelig analyse. De anser halakha (jødisk lov) som bindende, men mener den må utvikles og tilpasses for å møte moderne utfordringer og verdier.

Dette innebærer en balanse mellom tradisjon og fornyelse. Konservativ jødedom legger stor vekt på fellesskap, jødisk utdanning og sionisme, og søker å bevare jødiske tradisjoner samtidig som den tillater rom for endring og individuell forståelse av troen.";
2025-10-29T11:25:41.037884+00:00;gemini;gemini-2.5-flash;6;Conservative_Judaism;judaism;Konservativ jødedom;https://no.wikipedia.org/wiki/Konservativ_j%C3%B8dedom;p2;Konservativ jødedom lærer at ...;Konservativ jødedom lærer at jødisk lov (halakha) er bindende, men også at den er dynamisk og kan utvikles og tolkes på nytt for å møte moderne kontekster. Den søker en balanse mellom tradisjon og modernitet, og anerkjenner både guddommelig åpenbaring og menneskets rolle i fortolkningen av Toraen. Bevegelsen vektlegger viktigheten av jødisk folkefellesskap (Klal Yisrael), studier og en forpliktelse til jødiske ritualer og etikk. Den plasserer seg ofte mellom ortodoks og reformert jødedom, ved å opprettholde mange tradisjonelle praksiser samtidig som den tillater tilpasninger.;
2025-10-29T11:25:50.758452+00:00;gemini;gemini-2.5-flash;6;Conservative_Judaism;judaism;Konservativ jødedom;https://no.wikipedia.org/wiki/Konservativ_j%C3%B8dedom;p3;En person som praktiserer Konservativ jødedom pleier å ...;"En person som praktiserer Konservativ jødedom pleier å følge jødisk lov (halakha), men med en tilnærming som balanserer tradisjon med moderne liv. Bevegelsen ser på halakha som bindende, men også som dynamisk og tolkbar av rabbinere for å møte samtiden.

Dette innebærer ofte sabbatsobservans, overholdelse av kostholdsregler (kashrut) og deltakelse i synagogelivet. Konservativ jødedom er gjerne egalitær, og mange menigheter tillater kvinner å lede gudstjenester, være rabbinere og telle i en minyan (bønnekvorum). Det legges vekt på jødisk utdanning og fellesskap, samtidig som individuelle valg og tolkninger ofte anerkjennes innenfor rammen av loven.";
2025-10-29T11:25:57.374403+00:00;gemini;gemini-2.5-flash;7;Humanistic_Judaism;judaism;Humanistisk jødedom;https://no.wikipedia.org/wiki/Humanistisk_j%C3%B8dedom;p1;Tilhengere av Humanistisk jødedom tror ...;"Tilhengere av Humanistisk jødedom ser på jødedom primært som en kulturell og historisk sivilisasjon, snarere enn en teistisk religion. De legger vekt på menneskelig agens, fornuft og ansvar for å forme et etisk liv og en bedre verden. Guds eksistens er ikke et sentralt dogme.

Jødiske høytider og tradisjoner feires for deres kulturelle, historiske og etiske betydning, snarere enn for deres overnaturlige opprinnelse. Fokus er på humanistiske verdier, sosial rettferdighet og å bygge et meningsfullt jødisk liv basert på etikken fra jødisk kultur og historie, tolket gjennom et sekulært perspektiv.";
2025-10-29T11:26:02.961467+00:00;gemini;gemini-2.5-flash;7;Humanistic_Judaism;judaism;Humanistisk jødedom;https://no.wikipedia.org/wiki/Humanistisk_j%C3%B8dedom;p2;Humanistisk jødedom lærer at ...;"Humanistisk jødedom lærer at jødedommen primært er en kulturell og historisk erfaring, og vektlegger menneskelig fornuft, kraft og ansvar. Den avviser forestillingen om en overnaturlig Gud. Tilhengere ser på jødiske tradisjoner, ritualer og tekster som uttrykk for menneskelig kreativitet, etikk og kollektiv historie, snarere enn guddommelige påbud.

Fokuset er på å leve et meningsfylt og etisk liv basert på jødiske verdier som sosial rettferdighet, moral og intellektuell frihet. Jødiske høytider og livssyklushendelser feires med fokus på deres kulturelle og humanistiske betydning.";
2025-10-29T11:26:11.053352+00:00;gemini;gemini-2.5-flash;7;Humanistic_Judaism;judaism;Humanistisk jødedom;https://no.wikipedia.org/wiki/Humanistisk_j%C3%B8dedom;p3;En person som praktiserer Humanistisk jødedom pleier å ...;En person som praktiserer Humanistisk jødedom pleier å fokusere på jødisk kultur, historie, etikk og folkets erfaringer, snarere enn en teistisk tro på Gud. De ser på jødedommen som en sivilisasjon som har utviklet seg over tid, og legger vekt på menneskelig ansvar og autonomi. Seremonier og helligdager feires med en sekulær tilnærming, hvor fokus er på verdier, fellesskap og individuelle valg. De praktiserende deltar gjerne i livssyklusfeiringer og høytider som Shabbat og Pesach, men tolker disse ut fra et humanistisk perspektiv, med vekt på kulturell betydning og etiske budskap. Målet er å skape mening og fremme sosial rettferdighet gjennom menneskelig innsats.;
2025-10-29T11:26:18.477872+00:00;gemini;gemini-2.5-flash;8;Orthodox_Judaism;judaism;Ortodoks jødedom;https://no.wikipedia.org/wiki/Ortodoks_j%C3%B8dedom;p1;Tilhengere av Ortodoks jødedom tror ...;"Tilhengere av Ortodoks jødedom tror at Toraen, både den skriftlige og den muntlige, ble guddommelig åpenbart til Moses på Sinaifjellet og er evig og uforanderlig. Denne troen danner grunnlaget for deres livsstil, som er sentrert rundt nøye overholdelse av Halakha (jødisk lov) i alle aspekter av livet, inkludert kosthold (kosher), sabbat og høytider, og familiære relasjoner.

De holder fast ved en streng tolkning av Toraens bud (Mitzvot) og jødisk tradisjon. Sentrale prinsipper inkluderer troen på én Gud, Messias’ komme, de dødes oppstandelse, og at mennesket vil bli dømt for sine handlinger. Lydighet mot Guds vilje, som uttrykt i Halakha, er fundamental for ortodokse jøder.";
2025-10-29T11:26:26.526458+00:00;gemini;gemini-2.5-flash;8;Orthodox_Judaism;judaism;Ortodoks jødedom;https://no.wikipedia.org/wiki/Ortodoks_j%C3%B8dedom;p2;Ortodoks jødedom lærer at ...;"Ortodoks jødedom lærer at Toraen, både den skriftlige og muntlige, er Guds uforanderlige ord, gitt til Moses på Sinai. Den betoner streng etterlevelse av Halakha, jødisk lov, som styrer alle aspekter av livet, fra kosthold (kosher) til sabbatsobservasjon og bønn. Målet er å leve i samsvar med de 613 budene (mitzvot).

Ortodoks jødedom opprettholder tradisjonelle tolkninger av jødisk lov og tro, og forventer en messiansk tid og de dødes oppstandelse. Troen på Toraens guddommelighet og forpliktelsen til dens bud er sentral i denne retningen av jødedommen.";
2025-10-29T11:26:36.017962+00:00;gemini;gemini-2.5-flash;8;Orthodox_Judaism;judaism;Ortodoks jødedom;https://no.wikipedia.org/wiki/Ortodoks_j%C3%B8dedom;p3;En person som praktiserer Ortodoks jødedom pleier å ...;"En person som praktiserer Ortodoks jødedom pleier å følge Halakha (jødisk lov) nøye i hverdagen. Dette inkluderer overholdelse av Kashrut (kostholdsregler), feiring av Shabbat fra solnedgang fredag til solnedgang lørdag uten arbeid, og daglig bønn, ofte tre ganger om dagen.

Tora-studium er sentralt, og mange deltar i bønnetjenester i synagogen, gjerne med en minyan (ti voksne jødiske menn). Jødiske helligdager feires i tråd med tradisjonelle forskrifter. Det legges vekt på Mitzvot (gode gjerninger og bud), familieliv og fellesskap. Beskjedenhet (tzniut), som ofte innebærer spesifikke kleskoder, er også en viktig del av praksisen.";
2025-10-29T11:26:45.624541+00:00;gemini;gemini-2.5-flash;9;Haredi_Judaism;judaism;Haredisk jødedom;https://no.wikipedia.org/wiki/Haredisk_j%C3%B8dedom;p1;Tilhengere av Haredisk jødedom tror ...;"Tilhengere av Haredisk jødedom tror på Torahens guddommelige og uforanderlige opprinnelse, inkludert både den skriftlige og den muntlige læren (Talmud). Deres liv er sentrert rundt studiet av Toraen og streng etterlevelse av Halakha (jødisk lov), som de anser som bindende i alle aspekter av livet.

De legger vekt på å leve i samsvar med Guds vilje, ofte ved å begrense påvirkningen fra moderne sekulær kultur. Målet er å opprettholde åndelig renhet og bevare jødiske tradisjoner gjennom et liv viet religiøs læring, bønn, og et sterkt fokus på familie og samfunn.";
2025-10-29T11:26:58.480809+00:00;gemini;gemini-2.5-flash;9;Haredi_Judaism;judaism;Haredisk jødedom;https://no.wikipedia.org/wiki/Haredisk_j%C3%B8dedom;p2;Haredisk jødedom lærer at ...;Haredisk jødedom lærer at Toraen og Halakha (jødisk lov) er Guds uforanderlige ord og må følges strengt i alle livets aspekter. De legger stor vekt på intens Tora-studium, spesielt for menn, som ofte tilbringer hele livet i yeshivaer. Bevaring av tradisjoner og en livsstil skjermet fra sekulær påvirkning er sentralt, med et sterkt fokus på å opprettholde en særskilt religiøs kultur. Samfunnet spiller en avgjørende rolle for å støtte individet i denne forpliktelsen til et liv viet til religiøs praksis og læring.;
2025-10-29T11:27:08.528095+00:00;gemini;gemini-2.5-flash;9;Haredi_Judaism;judaism;Haredisk jødedom;https://no.wikipedia.org/wiki/Haredisk_j%C3%B8dedom;p3;En person som praktiserer Haredisk jødedom pleier å ...;"En person som praktiserer Haredisk jødedom pleier å leve i streng overensstemmelse med Halakha (jødisk lov). Deres hverdag er preget av grundig overholdelse av religiøse påbud, inkludert bønn tre ganger daglig og nøye feiring av shabbat og jødiske helligdager. Menn dedikerer ofte mye tid til Torastudium, mens kvinner fokuserer på hjem og familie, i tillegg til egen religiøs praksis.

Beskjedenhet (tzniut) er sentralt og manifesteres i klesdrakt; kvinner bærer gjerne lange skjørt og tildekker håret, mens menn ofte bruker mørke dresser, hvit skjorte og hatt. Livet utspiller seg typisk innenfor et tett, religiøst samfunn med fokus på familieverdier og tradisjon.";
2025-10-29T11:27:16.580074+00:00;gemini;gemini-2.5-flash;10;Modern_Orthodox_Judaism;judaism;Moderne ortodoks jødedom;https://nn.wikipedia.org/wiki/Moderne_ortodoks_j%C3%B8dedom;p1;Tilhengere av Moderne ortodoks jødedom tror ...;"Tilhengere av Moderne ortodoks jødedom tror på Toraens guddommelige opprinnelse og den evige forpliktelsen til halakha (jødisk lov). De anser Guds bud som uforanderlige og forplikter seg til streng overholdelse av alle jødiske lover, inkludert sabbat, kashrut og daglige bønner.

Samtidig fremmer de aktiv deltakelse og integrering i det moderne samfunn, der sekulær utdanning, profesjonelle karrierer og bred kulturell engasjement verdsettes. Filosofien ""Torah Umadda"" (Tora og verdslig kunnskap) er sentral, idet man søker å forene jødisk tradisjon med moderne vitenskap og kultur. De er også ofte sterke tilhengere av staten Israel.";
2025-10-29T11:27:23.345822+00:00;gemini;gemini-2.5-flash;10;Modern_Orthodox_Judaism;judaism;Moderne ortodoks jødedom;https://nn.wikipedia.org/wiki/Moderne_ortodoks_j%C3%B8dedom;p2;Moderne ortodoks jødedom lærer at ...;"Moderne ortodoks jødedom lærer at den jødiske loven (Halakha), slik den er nedfelt i Toraen og muntlige tradisjoner, er guddommelig åpenbart og forpliktende. Den vektlegger streng overholdelse av mitzvot (budene) i alle livets aspekter.

Samtidig fremhever den betydningen av å engasjere seg i den moderne verden, inkludert sekulær utdanning, vitenskap og profesjonelt liv, så lenge dette ikke kompromitterer religiøse prinsipper. Bevegelsen støtter ofte sterkt staten Israel, sett både som et nasjonalt og religiøst prosjekt. Den kombinerer en dyp forankring i jødisk tradisjon med en åpenhet for den samtidige verden.";
2025-10-29T11:27:29.086865+00:00;gemini;gemini-2.5-flash;10;Modern_Orthodox_Judaism;judaism;Moderne ortodoks jødedom;https://nn.wikipedia.org/wiki/Moderne_ortodoks_j%C3%B8dedom;p3;En person som praktiserer Moderne ortodoks jødedom pleier å ...;"En person som praktiserer Moderne ortodoks jødedom pleier å leve i samsvar med jødisk lov (halakha), samtidig som de er engasjerte i det moderne samfunnet. De kombinerer tradisjonelle jødiske praksiser, som streng overholdelse av sabbaten og kashrut (kostholdsregler), med sekulær utdanning og profesjonelle karrierer.

De ser ingen motsetning mellom å være en observant jøde og å delta fullt ut i den bredere kulturen og akademia, så lenge det ikke kompromitterer halakha. Synagogebesøk, studier av Torah og jødiske tekster er sentralt. Ofte er det også en sterk tilknytning til staten Israel og sionistiske verdier.";
2025-10-29T11:27:37.121674+00:00;gemini;gemini-2.5-flash;11;Reconstructionist_Judaism;judaism;Rekonstruksjonistisk jødedom;https://no.wikipedia.org/wiki/Rekonstruksjonistisk_j%C3%B8dedom;p1;Tilhengere av Rekonstruksjonistisk jødedom tror ...;"Tilhengere av Rekonstruksjonistisk jødedom ser på jødedommen som en religiøs sivilisasjon i stadig utvikling, skapt av det jødiske folk. De tror ikke på en overnaturlig Gud som griper inn, men oppfatter Gud som en naturlig kraft eller prosess som fremmer moralsk utvikling og mening i verden.

Halakha (jødisk lov) er ikke guddommelig åpenbart, men et verdifullt rammeverk som bør tolkes og tilpasses moderne liv, basert på informert personlig valg og felles beslutninger. Fokus ligger på inkludering, sosial rettferdighet og kollektiv tolkning av tradisjonen, hvor den jødiske fortiden æres, men alltid revurderes for relevans i nåtiden.";
2025-10-29T11:27:49.143131+00:00;gemini;gemini-2.5-flash;11;Reconstructionist_Judaism;judaism;Rekonstruksjonistisk jødedom;https://no.wikipedia.org/wiki/Rekonstruksjonistisk_j%C3%B8dedom;p2;Rekonstruksjonistisk jødedom lærer at ...;"Rekonstruksjonistisk jødedom lærer at jødedommen er en «utviklende religiøs sivilisasjon». Dette innebærer at den ikke bare er en religion, men også en kultur, historie, språk og etikk som kontinuerlig tilpasses og fornyes av det jødiske folk.

Tradisjonelle jødiske lover (halakha) ses som verdifulle veiledninger snarere enn absolutt bindende bud, og kan omtolkes for å møte moderne behov. Gud forstås ofte som en prosess eller kraft som fremmer meningsfullhet og moral. Det legges stor vekt på demokratisk deltakelse i fellesskapet, likestilling og inkludering av alle, uavhengig av kjønn eller seksuell orientering.";
2025-10-29T11:27:56.521372+00:00;gemini;gemini-2.5-flash;11;Reconstructionist_Judaism;judaism;Rekonstruksjonistisk jødedom;https://no.wikipedia.org/wiki/Rekonstruksjonistisk_j%C3%B8dedom;p3;En person som praktiserer Rekonstruksjonistisk jødedom pleier å ...;"En person som praktiserer Rekonstruksjonistisk jødedom pleier å se jødedommen som en dynamisk, utviklende sivilisasjon, ikke bare en statisk religion. De engasjerer seg ofte i lokalsamfunnet (kehillah) og legger vekt på demokrati og likestilling i religiøs praksis.

Tradisjonelle ritualer, tekster og lover blir tolket på nytt gjennom en moderne linse, der personlig mening og etisk relevans står sentralt. Individuell autonomi verdsettes høyt, så utøvelsen kan variere. Fokuset ligger på å skape et meningsfullt jødisk liv som bidrar til samfunnet, ofte med sterk vekt på sosial rettferdighet (tikkun olam) og fellesskapets rolle.";
2025-10-29T11:28:02.362461+00:00;gemini;gemini-2.5-flash;12;Reform_Judaism;judaism;Reformjødedom;https://no.wikipedia.org/wiki/Reformj%C3%B8dedom;p1;Tilhengere av Reformjødedom tror ...;Tilhengere av Reformjødedom tror på en progressiv og dynamisk tilnærming til jødedommen. De anser Toraen som inspirert av Gud, men tolker lovene i lys av moderne tid og etiske prinsipper, snarere enn som uforanderlige påbud. Individuell autonomi og personlig valg står sentralt i religiøs praksis. De vektlegger etisk monoteisme, sosial rettferdighet (Tikkun Olam) og likestilling mellom kjønnene, inkludert kvinnelige rabbinere. Reformjødedommen er åpen for tilpasning og endring, og understreker jødedommens evne til å utvikle seg for å møte nye utfordringer og verdier, samtidig som den bevarer kjernebudskapet.;
2025-10-29T11:28:09.257643+00:00;gemini;gemini-2.5-flash;12;Reform_Judaism;judaism;Reformjødedom;https://no.wikipedia.org/wiki/Reformj%C3%B8dedom;p2;Reformjødedom lærer at ...;Reformjødedom lærer at jødedommen er en progressiv religion som utvikler seg over tid, og at tradisjonene må tolkes i lys av moderne etikk og intellekt. Den legger vekt på individuelle valg og samvittighet, samt den etiske og moralske dimensjonen av Toraen fremfor en bokstavelig tolkning av *halakha* (jødisk lov) som bindende. Fokus ligger ofte på sosial rettferdighet (Tikkun Olam), likestilling og inkludering. Den anerkjenner Toraen som guddommelig inspirert, men tolket av mennesker, og oppmuntrer til å tilpasse jødisk praksis til samtiden for å forbli meningsfull.;
2025-10-29T11:28:15.923693+00:00;gemini;gemini-2.5-flash;12;Reform_Judaism;judaism;Reformjødedom;https://no.wikipedia.org/wiki/Reformj%C3%B8dedom;p3;En person som praktiserer Reformjødedom pleier å ...;"En person som praktiserer reformjødedom pleier å legge vekt på at jødedommen er en progressiv og utviklende religion, der individuelle valg og tolkning av Toraen står sentralt. De anerkjenner *halakha* (jødisk lov) som viktig, men ikke nødvendigvis bindende på samme måte som i mer tradisjonelle retninger, og tilpasser praksisen til moderne liv.

Reformjødiske samfunn er ofte åpne og inkluderende, med likeverd mellom kjønnene og en velkomment holdning til interreligiøse familier. De engasjerer seg ofte sterkt i sosial rettferdighet (*tikkun olam*) og arbeider for å reparere verden. Gudstjenester kan inkludere både hebraisk og det lokale språket, ofte med musikalske innslag.";
2025-10-29T11:28:22.594030+00:00;gemini;gemini-2.5-flash;13;Christianity;christianity;Kristendom;https://no.wikipedia.org/wiki/Kristendom;p1;Tilhengere av Kristendom tror ...;Tilhengere av kristendommen tror på én Gud, som eksisterer som Faderen, Sønnen (Jesus Kristus) og Den hellige ånd. De anser Jesus Kristus som Guds sønn, frelseren, som døde for menneskenes synder, ble korsfestet og gjenoppstod fra de døde. Troen på Jesus er sentral for å oppnå frelse og evig liv. Bibelen, bestående av Det gamle og Det nye testamente, regnes som Guds inspirerte ord og rettesnor for tro og liv. Kristne tror også på menneskets syndighet, Guds nåde og et evig liv etter døden.;
2025-10-29T11:28:29.759511+00:00;gemini;gemini-2.5-flash;13;Christianity;christianity;Kristendom;https://no.wikipedia.org/wiki/Kristendom;p2;Kristendom lærer at ...;Kristendom lærer at det finnes én Gud som er universets skaper, og som eksisterer som Faderen, Sønnen (Jesus Kristus) og Den hellige ånd. Jesus Kristus er Guds sønn, som kom til jorden for å frelse menneskeheten fra synd gjennom sin død og oppstandelse. Frelse oppnås gjennom tro. Bibelen regnes som Guds inspirerte ord og fungerer som veiledning for liv og lære. Sentrale etiske prinsipper inkluderer kjærlighet til Gud og nestekjærlighet, og troen på et evig liv etter døden er fundamental.;
2025-10-29T11:28:36.642978+00:00;gemini;gemini-2.5-flash;13;Christianity;christianity;Kristendom;https://no.wikipedia.org/wiki/Kristendom;p3;En person som praktiserer Kristendom pleier å ...;En person som praktiserer kristendom pleier å engasjere seg i aktiviteter som reflekterer troen. Dette inkluderer ofte å be regelmessig, enten individuelt eller i fellesskap, og å lese Bibelen for veiledning og inspirasjon. Deltakelse i gudstjenester, typisk på søndager, er en sentral del av mange kristnes liv, hvor man tilber, lytter til prekener og kan ta del i nattverd. Mange kristne forsøker også å leve etter bibelske prinsipper som nestekjærlighet, tilgivelse og medfølelse, og kan engasjere seg i frivillig arbeid eller støtte kirkelige prosjekter. Feiring av høytider som jul og påske er også vanlig.;
2025-10-29T11:28:45.950621+00:00;gemini;gemini-2.5-flash;14;Eastern_Christianity;christianity;Østkirken;https://no.wikipedia.org/wiki/%C3%98stkirken;p1;Tilhengere av Østkirken tror ...;"Tilhengere av Østkirken, hovedsakelig Den ortodokse kirke, bekjenner troen på Den hellige Treenigheten: Gud som Far, Sønn og Hellig Ånd. De anerkjenner Jesus Kristus som både fullt Gud og fullt menneske, og at frelse oppnås gjennom Guds nåde, tro og deltakelse i kirkens sakramenter, ofte omtalt som mysterier. Den guddommelige liturgi (eukaristien) er kirkens sentrum.

Jomfru Maria æres som Guds mor (Theotokos), og ikoner betraktes som vinduer til det hellige, ikke avguder. De holder fast ved den apostoliske suksesjonen og tolker Bibelen innenfor rammen av kirkens hellige tradisjon, som omfatter konsiler og kirkefedrenes lære.";
2025-10-29T11:28:55.492699+00:00;gemini;gemini-2.5-flash;14;Eastern_Christianity;christianity;Østkirken;https://no.wikipedia.org/wiki/%C3%98stkirken;p2;Østkirken lærer at ...;"Østkirken (Den ortodokse kirke) lærer at frelsen er en prosess kalt **theosis** (gresk for ""guddommeliggjøring"" eller ""forgudelse""). Dette innebærer at mennesker, gjennom Guds nåde og Den hellige ånds virke, kan bli delaktige i Guds guddommelige natur og energi, uten å bli Gud i vesen.

Målet med det kristne liv er å vokse i likhet med Kristus og oppnå en slik forening med Gud. Kirken understreker at dette ikke er et menneskelig verk alene, men en gave fra Gud som krever menneskelig respons og samarbeid (synergi) gjennom bønn, sakramentene og et dydig liv. Frelse er ikke primært juridisk tilgivelse, men en transformativ prosess.";
2025-10-29T11:29:03.091150+00:00;gemini;gemini-2.5-flash;14;Eastern_Christianity;christianity;Østkirken;https://no.wikipedia.org/wiki/%C3%98stkirken;p3;En person som praktiserer Østkirken pleier å ...;"En person som praktiserer Østkirken, også kjent som ortodoks kristendom, pleier å delta regelmessig i den guddommelige liturgi, som er kirkens sentrale gudstjeneste og kilden til sakramentene. Spesielt nattverden (eukaristien) er fundamental.

Det er vanlig å ære ikoner som ""vinduer til himmelen"" og bønnehjelpemidler, men ikke tilbe dem. Fasteperioder er viktige og overholdes ofte strengt gjennom kirkeåret. Personlig bønn, lesing av Bibelen og etterlevelse av kirkens tradisjoner, inkludert åndelige veiledere, er sentralt i det åndelige livet. Respekt for kirkefedrene og den uforanderlige troen veier tungt.";
2025-10-29T11:29:11.126249+00:00;gemini;gemini-2.5-flash;15;Christian_fundamentalism;christianity;Fundamentalistisk kristendom;https://nn.wikipedia.org/wiki/Fundamentalistisk_kristendom;p1;Tilhengere av Fundamentalistisk kristendom tror ...;Tilhengere av Fundamentalistisk kristendom tror på en bokstavelig tolkning av Bibelen som Guds ufeilbarlige og autoritative Ord. De holder fast ved grunnleggende doktriner som jomfrufødselen, Jesu guddommelighet og hans stedfortredende død som forsoning for synd. Den kroppslige oppstandelsen og Jesu fysiske tilbakekomst er også sentrale. Troen vektlegger ofte en tradisjonell forståelse av kristen lære og et konservativt livssyn, basert på skriftens autoritet som veiledende for alle aspekter av tro og liv. Denne tilnærmingen skiller seg fra mer liberale tolkninger innen kristendommen.;
2025-10-29T11:29:17.740653+00:00;gemini;gemini-2.5-flash;15;Christian_fundamentalism;christianity;Fundamentalistisk kristendom;https://nn.wikipedia.org/wiki/Fundamentalistisk_kristendom;p2;Fundamentalistisk kristendom lærer at ...;Fundamentalistisk kristendom lærer at Bibelen er Guds ufeilbarlige og bokstavelig sanne Ord, inspirert i originaltekstene. Dette innebærer en tro på jomfrufødselen, Jesu guddommelighet, stedfortredende forsoning, fysisk oppstandelse og Jesu gjenkomst som historiske fakta. Frelse oppnås utelukkende gjennom personlig tro på Jesus Kristus som frelser. Bevegelsen oppsto tidlig på 1900-tallet som et forsvar av det de anså som grunnleggende kristne doktriner mot modernisme og liberal teologi. Det legges vekt på en konservativ tolkning av etikk og moral, basert på Bibelens prinsipper.;
2025-10-29T11:29:28.691755+00:00;gemini;gemini-2.5-flash;15;Christian_fundamentalism;christianity;Fundamentalistisk kristendom;https://nn.wikipedia.org/wiki/Fundamentalistisk_kristendom;p3;En person som praktiserer Fundamentalistisk kristendom pleier å ...;En person som praktiserer Fundamentalistisk kristendom pleier å tolke Bibelen bokstavelig som Guds ufeilbarlige ord. Dette inkluderer troen på sentrale doktriner som jomfrufødsel, Jesu oppstandelse, forsoning og gjenkomst. De legger ofte vekt på personlig fromhet, moral og et liv i samsvar med bibelske prinsipper. Deltakelse i gudstjenester, bibelstudier og fellesskap med andre troende er vanlig. Mange fundamentalister engasjerer seg også i evangelisering, med et ønske om å spre budskapet om frelse til andre. Det er et fokus på å holde seg til det de ser på som den opprinnelige, grunnleggende troen.;
2025-10-29T11:29:35.444004+00:00;gemini;gemini-2.5-flash;16;Christian_Science;christianity;Christian Science;https://no.wikipedia.org/wiki/Christian_Science;p1;Tilhengere av Christian Science tror ...;"Tilhengere av Christian Science tror at Gud er den eneste virkeligheten, et uendelig sinn, ånd og kjærlighet, og at Hans skapelse er åndelig og perfekt. De anser sykdom, synd og død for å være illusjoner eller feil i det dødelige sinn, snarere enn en del av Guds virkelighet.

Derfor praktiserer de åndelig helbredelse gjennom bønn og en dypere forståelse av Guds fullkommenhet og menneskets åndelige natur, slik det er beskrevet i Bibelen og Mary Baker Eddys bok *Science and Health with Key to the Scriptures*. De velger ofte å avstå fra medisinsk behandling til fordel for denne åndelige tilnærmingen.";
2025-10-29T11:29:41.936114+00:00;gemini;gemini-2.5-flash;16;Christian_Science;christianity;Christian Science;https://no.wikipedia.org/wiki/Christian_Science;p2;Christian Science lærer at ...;"Christian Science lærer at Gud er den eneste virkelighet, en allestedsnærværende, allmektig og allvitende god Ånd. Mennesket er skapt i Guds bilde, og er derfor i sin sanne natur åndelig og perfekt. Sykdom, synd og død blir betraktet som feilaktige materielle antagelser, uten egentlig virkelighet.

Helbredelse oppnås ikke gjennom medisin, men gjennom bønn og en dypere åndelig forståelse av Guds perfekte natur og menneskets forbindelse til den. Bibelen er en sentral tekst, tolket åndelig, og sammen med Mary Baker Eddys bok «Vitenskap og Helse med Nøkkel til Skriften» er den en veiledning for livet.";
2025-10-29T11:29:49.936808+00:00;gemini;gemini-2.5-flash;16;Christian_Science;christianity;Christian Science;https://no.wikipedia.org/wiki/Christian_Science;p3;En person som praktiserer Christian Science pleier å ...;"En person som praktiserer Christian Science pleier å fokusere på bønn og et åndelig syn på helse, basert på læren til Mary Baker Eddy. De studerer Bibelen og boken ""Science and Health with Key to the Scriptures"". Sentralt er troen på at Gud er fullkommen og god, og at sykdom samt andre problemer er en mental misforståelse av denne åndelige sannheten. Derfor velger de ofte å søke åndelig helbredelse gjennom bønn, veiledet av en Christian Science-utøver, fremfor konvensjonell medisinsk behandling. De deltar i gudstjenester og er ellers aktive medlemmer av samfunnet.";
2025-10-29T11:29:56.914611+00:00;gemini;gemini-2.5-flash;17;Christian_mysticism;christianity;Kristen mystikk;https://no.wikipedia.org/wiki/Kristen_mystikk;p1;Tilhengere av Kristen mystikk tror ...;Tilhengere av Kristen mystikk tror på muligheten for en direkte, personlig og intuitiv erfaring av Gud, utover intellektuell forståelse eller ytre ritualer. Målet er en dyp forening med det guddommelige, ofte beskrevet som theosis eller enhet med Gud. Denne prosessen innebærer en indre åndelig reise, kontemplasjon og transformasjon. De vektlegger et indre liv hvor Gud kan møtes og erfares, og ser på mystikken som en vei til dypere innsikt og åndelig forvandling. Dette kan føre til en opplevelse av enhet med Skaperen og alt det skapte.;
2025-10-29T11:30:05.377146+00:00;gemini;gemini-2.5-flash;17;Christian_mysticism;christianity;Kristen mystikk;https://no.wikipedia.org/wiki/Kristen_mystikk;p2;Kristen mystikk lærer at ...;Kristen mystikk lærer at man kan oppnå en dyp og direkte erfaring av Gud, ofte beskrevet som en indre forening eller union. Denne opplevelsen søkes gjerne utover rasjonell forståelse, gjennom intens bønn, kontemplasjon og åndelig disiplin. Målet er indre forvandling og en dypere forbindelse med det guddommelige, hvor kjærlighet til Gud og en åpenhet for Guds nærvær står sentralt. Mystikere streber etter å se Gud i alt og å leve et liv preget av Guds nåde, ofte gjennom stillhet og introspeksjon.;
2025-10-29T11:30:11.760725+00:00;gemini;gemini-2.5-flash;17;Christian_mysticism;christianity;Kristen mystikk;https://no.wikipedia.org/wiki/Kristen_mystikk;p3;En person som praktiserer Kristen mystikk pleier å ...;En person som praktiserer Kristen mystikk pleier å søke en direkte, personlig erfaring av Gud, utover intellektuell forståelse. Dette involverer ofte dyp kontemplativ bønn og meditasjon, gjerne med bruk av metoder som hjertebønn eller Lectio Divina (åndelig lesning av bibelen). Målet er en indre transformasjon og en opplevelse av enhet med det guddommelige. Mystikere vektlegger ofte stillhet, ensomhet og åndelige disipliner for å utvikle en dypere forbindelse med Gud. Praksisen kan variere betydelig, men fokuset ligger på en inderlig, erfaringsbasert tro og en bevissthet om Guds nærvær i hverdagen.;
2025-10-29T11:30:17.509190+00:00;gemini;gemini-2.5-flash;18;Christian_Universalism;christianity;Kristen universalisme;https://no.wikipedia.org/wiki/Kristen_universalisme;p1;Tilhengere av Kristen universalisme tror ...;"Tilhengere av Kristen universalisme tror at alle mennesker til slutt vil bli frelst og forlikt med Gud. De anser Guds kjærlighet og barmhjertighet som universell, og at den til slutt vil omfavne alle sjeler, uavhengig av deres tro i dette livet. Konseptet med evig fortapelse avvises ofte; i stedet sees eventuelle straffer eller lidelser etter døden som rensende og midlertidige. Jesus Kristus' offer og oppstandelse er sentralt, men tolkes som et middel til universell forsoning for hele menneskeheten, snarere enn for en utvalgt gruppe.";
2025-10-29T11:30:23.758586+00:00;gemini;gemini-2.5-flash;18;Christian_Universalism;christianity;Kristen universalisme;https://no.wikipedia.org/wiki/Kristen_universalisme;p2;Kristen universalisme lærer at ...;Kristen universalisme er læren om at alle mennesker til slutt vil bli frelst gjennom Guds nåde og Jesu Kristi forsoning. Tilhengerne mener at Gud er allkjærlig og allmektig, og at hans frelsesplan omfatter hele menneskeheten. Dette perspektivet avviser forestillingen om evig fortapelse for noen, og ser heller helvete som en midlertidig renselse eller en symbolsk representasjon av syndens konsekvenser, som til slutt leder til forsoning med Gud. Frelsen er universell, ikke begrenset til en bestemt gruppe eller tro. Målet er en fullstendig gjenopprettelse av alle ting i Kristus.;
2025-10-29T11:30:30.306014+00:00;gemini;gemini-2.5-flash;18;Christian_Universalism;christianity;Kristen universalisme;https://no.wikipedia.org/wiki/Kristen_universalisme;p3;En person som praktiserer Kristen universalisme pleier å ...;"En person som praktiserer Kristen universalisme pleier å tro at alle mennesker til slutt vil bli frelst gjennom Guds nåde og Jesu Kristi forsoningsverk. Denne troen innebærer en overbevisning om at ingen vil lide evig fortapelse, og at Gud til slutt vil forene seg med hele skapelsen.

De tolker bibelske tekster som understreker Guds ubetingede kjærlighet og barmhjertighet, og ser ofte på helvete som en renselse eller midlertidig tilstand, ikke evig straff. Praksisen kan ellers ligne andre kristne retninger, med fokus på bønn, bibelstudium og fellesskap, men med en dyp tillit til at Guds plan inkluderer universell frelse.";
2025-10-29T11:30:36.150550+00:00;gemini;gemini-2.5-flash;19;Islam;islam;Islam;https://no.wikipedia.org/wiki/Islam;p1;Tilhengere av Islam tror ...;"Tilhengere av Islam tror på én Gud, Allah, som er den eneste guddommen og skaperen av universet. De tror på alle Guds profeter, inkludert Adam, Noah, Abraham, Moses, Jesus og Muhammed, som de anser som den siste profeten som mottok Guds endelige åpenbaring, Koranen.

Sentralt står troen på Guds hellige bøker, engler, og en dommedag der alle mennesker vil bli holdt ansvarlige for sine handlinger og belønnet eller straffet i et etterliv. De tror også på Guds forhåndsbestemmelse (qadar), at Gud har allvitenhet og kontroll, samtidig som mennesket har fri vilje og ansvar. Disse seks trosartiklene danner grunnlaget for deres tro.";
2025-10-29T11:30:43.241949+00:00;gemini;gemini-2.5-flash;19;Islam;islam;Islam;https://no.wikipedia.org/wiki/Islam;p2;Islam lærer at ...;"Islam lærer at det kun finnes én Gud (Allah), som er skaperen og opprettholderen av universet, og som skal tilbes. Profeten Muhammad er ansett som den siste i en rekke profeter sendt av Gud, inkludert Adam, Noah, Abraham, Moses og Jesus. Den hellige boken Koranen er Guds ord, åpenbart for Muhammad.

Sentralt i troen er de fem pilarene: trosbekjennelsen (shahada), bønnen (salat), fasten (sawm) under Ramadan, veldedighet (zakat) og pilegrimsreisen (hajj) til Mekka for de som har mulighet. Islam vektlegger rettferdighet, nestekjærlighet, fred og etikk i alle livets aspekter, med fokus på underkastelse under Guds vilje.";
2025-10-29T11:30:50.238636+00:00;gemini;gemini-2.5-flash;19;Islam;islam;Islam;https://no.wikipedia.org/wiki/Islam;p3;En person som praktiserer Islam pleier å ...;En person som praktiserer islam pleier å følge De fem søylene, som er sentrale i troen. Dette inkluderer å avgi trosbekjennelsen (Shahada), utføre de fem daglige bønnene vendt mot Mekka (Salat), og gi veldedighet til de trengende (Zakat). I tillegg faster mange muslimer fra daggry til solnedgang under fastemåneden Ramadan (Sawm). Dersom de har mulighet, prøver de også å gjennomføre pilegrimsreisen til Mekka (Hajj) minst én gang i livet. Lesing av Koranen og å leve etter dens veiledning er også viktig. Praksis kan variere noe mellom individer og retninger.;
2025-10-29T11:30:58.120206+00:00;gemini;gemini-2.5-flash;20;Islamism;islam;Islamisme;https://no.wikipedia.org/wiki/Islamisme;p1;Tilhengere av Islamisme tror ...;"Tilhengere av islamisme tror at islam ikke bare er en religion, men et omfattende system som bør styre alle aspekter av samfunnet, inkludert politikk, lov, økonomi og sosiale forhold. De ønsker å etablere stater basert på islamske prinsipper, ofte med Sharia (islamsk lov) som grunnlag for lovgivningen.

Målet er å skape et samfunn hvor islamske verdier er dominerende, og mange forkaster sekulære eller vestlige samfunnsmodeller som de mener er uforenlige med islamsk lære. Innenfor islamismen finnes ulike retninger, fra de som søker endring gjennom demokratiske prosesser til de som støtter mer autoritære eller revolusjonære metoder.";
2025-10-29T11:31:07.903322+00:00;gemini;gemini-2.5-flash;20;Islamism;islam;Islamisme;https://no.wikipedia.org/wiki/Islamisme;p2;Islamisme lærer at ...;"Islamisme er en politisk ideologi som tolker islam som en omfattende samfunnsorden, snarere enn bare en religion. Den lærer at islamske prinsipper skal være grunnlaget for styring og lovgivning i et samfunn. Målet er å etablere en stat og et samfunn basert på sharia, der islam regulerer alle aspekter av livet – politisk, økonomisk og sosialt.

Bevegelsen rommer et bredt spekter av aktører og tilnærminger, fra politiske partier som søker innflytelse innenfor eksisterende systemer, til mer radikale grupper som krever en teokratisk stat, i noen tilfeller gjennom vold. Fellesnevneren er troen på at islamske tekster gir veiledning for både individuell moral og statlig ledelse.";
2025-10-29T11:31:13.390480+00:00;gemini;gemini-2.5-flash;20;Islamism;islam;Islamisme;https://no.wikipedia.org/wiki/Islamisme;p3;En person som praktiserer Islamisme pleier å ...;"En person som praktiserer islamisme representerer en politisk ideologi som tolker islam som et grunnlag for å forme stat og samfunn. De ønsker ofte å innføre sharia, eller islamsk lov, som styrende prinsipp. Praksisen kan variere betydelig; noen islamister arbeider innenfor eksisterende politiske systemer for å fremme sine mål, mens andre engasjerer seg i sosialt eller religiøst arbeid. Enkelte grupper eller enkeltpersoner kan også legitimere bruk av vold for å oppnå sine politiske mål. Det er viktig å skille islamisme fra islam som religion.";
2025-10-29T11:31:22.139938+00:00;gemini;gemini-2.5-flash;21;Shia_Islam;islam;Sjiaislam;https://no.wikipedia.org/wiki/Sjiaislam;p1;Tilhengere av Sjiaislam tror ...;Tilhengere av sjiaislam tror at Profet Muhammeds etterfølger var Ali ibn Abi Talib, hans svigersønn og fetter, og at lederskapet (imamatet) er en guddommelig utnevnelse. De anser imamene, etterkommere av Ali, som åndelige og politiske ledere med ufeilbarlig kunnskap og autoritet til å tolke islam. Sjiamuslimer mener at disse imamene er syndefrie og fungerer som mellommenn mellom Gud og mennesker. Den største retningen, tolver-sjia, anerkjenner tolv imamer, hvorav den tolvte, Muhammad al-Mahdi, er antatt å være i skjult tilstand og vil vende tilbake før dommedag for å etablere rettferdighet.;
2025-10-29T11:31:30.228107+00:00;gemini;gemini-2.5-flash;21;Shia_Islam;islam;Sjiaislam;https://no.wikipedia.org/wiki/Sjiaislam;p2;Sjiaislam lærer at ...;Sjiaislam lærer at profeten Muhammed utpekte Ali ibn Abi Talib som sin rettmessige etterfølger og leder for det muslimske samfunnet. Denne læren om imamet er sentral, hvor sjiaer tror at en rekke guddommelig utvalgte imamer, fra Alis familie (Ahl al-Bayt), har veiledet samfunnet etter profeten. Disse imamene anses for å være ufeilbarlige og den sanne autoriteten for å tolke islams budskap og lovverk, både åndelig og politisk. Majoriteten av sjiaer følger den tolv-imam-læren, og venter på gjenkomsten av den tolvte imam, Muhammad al-Mahdi, for å etablere rettferdighet.;
2025-10-29T11:31:38.153786+00:00;gemini;gemini-2.5-flash;21;Shia_Islam;islam;Sjiaislam;https://no.wikipedia.org/wiki/Sjiaislam;p3;En person som praktiserer Sjiaislam pleier å ...;En person som praktiserer Sjiaislam pleier å anerkjenne Ali ibn Abi Talib og elleve av hans etterkommere som rettmessige, guddommelig utvalgte ledere, kjent som imamer. De følger en annen rekke religiøse autoriteter enn sunnimuslimer. En viktig praksis er sorgmarkeringen under måneden Muharram, spesielt på Ashura-dagen, til minne om martyriet til Imam Hussein, barnebarn av profeten Muhammad, i Karbala. Sjiamuslimer legger også vekt på å besøke hellige steder og mausoleer til imamer. De kan ha visse forskjeller i bønneritualer, som å kombinere middags- og ettermiddagsbønnen, samt å plassere en liten leiretablet (turbah) på pannen under utmattelsen.;
2025-10-29T11:31:43.875299+00:00;gemini;gemini-2.5-flash;22;Sunni_Islam;islam;Sunniislam;https://no.wikipedia.org/wiki/Sunniislam;p1;Tilhengere av Sunniislam tror ...;"Tilhengere av Sunniislam, den største retningen innen islam, tror på én Gud (Allah) og anerkjenner Muhammed som Guds siste profet. De holder Koranen for å være Guds uforfalskede ord og legger stor vekt på profetens Sunnah, hans læresetninger og praksis, som en veiledning for liv og tro.

En sentral del av deres tro omfatter de seks trosartiklene: troen på Gud, engler, de hellige bøkene, profetene, dommedagen og Guds forutbestemmelse. De aksepterer også de fire første kalifene – Abu Bakr, Umar, Uthman og Ali – som Muhammeds rettmessige etterfølgere og ledere av det muslimske samfunnet etter hans død.";
2025-10-29T11:31:50.404143+00:00;gemini;gemini-2.5-flash;22;Sunni_Islam;islam;Sunniislam;https://no.wikipedia.org/wiki/Sunniislam;p2;Sunniislam lærer at ...;Sunniislam lærer at det kun er én Gud (Allah) som er den eneste som skal tilbes. De anser profeten Muhammed som den siste profeten sendt av Gud, og Koranen som Guds uforanderlige ord. En sentral lære er også Sunnah, profetens praksis og utsagn (Hadith), som fungerer som en veiledning for muslimers liv sammen med Koranen. Sunni-muslimer anerkjenner legitimiteten til de fire første kalifene – Abu Bakr, Umar, Uthman og Ali – som lederne av det muslimske samfunnet etter Muhammeds død. Fem søyler definerer den religiøse praksisen, mens seks trosartikler utgjør den grunnleggende troen.;
2025-10-29T11:31:58.034732+00:00;gemini;gemini-2.5-flash;22;Sunni_Islam;islam;Sunniislam;https://no.wikipedia.org/wiki/Sunniislam;p3;En person som praktiserer Sunniislam pleier å ...;"En person som praktiserer sunniislam pleier å følge islams fem søyler. Dette inkluderer trosbekjennelsen (shahada), bønnen (salat) fem ganger daglig vendt mot Mekka, veldedighet (zakat), faste under ramadan (sawm), og pilegrimsreisen (hajj) til Mekka om man har mulighet.

De legger stor vekt på profeten Muhammads lære og praksis (Sunnah), som er nedtegnet i Hadith-samlingene, som en rettesnor for livet. Fredagsbønnen i moskeen er sentral for mange, og man forsøker å leve i samsvar med islamske prinsipper og lov (sharia), basert på tolkninger fra anerkjente lærde.";
2025-10-29T11:32:05.224692+00:00;gemini;gemini-2.5-flash;23;Nation_of_Islam;islam;Nation of Islam;https://no.wikipedia.org/wiki/Nation_of_Islam;p1;Tilhengere av Nation of Islam tror ...;Tilhengere av Nation of Islam (NOI) tror på én Gud, Allah, og anerkjenner Wallace Fard Muhammad som hans inkarnasjon, og Elijah Muhammad som hans sendebud og den siste profet. De lærer at svarte mennesker er jordens opprinnelige folk og Guds utvalgte folk, med et sterkt fokus på selvstendighet, frigjøring og oppløftning av afroamerikanere. En sentral lære er den teologiske fortellingen om Yacub, som angivelig skapte den hvite rase som en midlertidig herskende rase. NOI skiller seg fra mainstream islam i flere teologiske tolkninger, inkludert synet på Gud, profeter og rase. De vektlegger et sterkt felleskap, disiplin og selvforsyning.;
2025-10-29T11:32:11.954216+00:00;gemini;gemini-2.5-flash;23;Nation_of_Islam;islam;Nation of Islam;https://no.wikipedia.org/wiki/Nation_of_Islam;p2;Nation of Islam lærer at ...;"Nation of Islam lærer at afroamerikanere er det opprinnelige folket og fremmer rasebevissthet, selvforsyning og økonomisk uavhengighet for svarte mennesker. Organisasjonen lærer at Wallace Fard Muhammad var Allah i menneskelig form, og at Elijah Muhammad var hans sendebud.

De fokuserer på selvforbedring, disiplin og å skape et sterkt fellesskap. Medlemmene oppfordres til å leve etter strenge moralske retningslinjer, inkludert kostholdsrestriksjoner og avholdenhet fra alkohol og narkotika. Nation of Islam arbeider for å bekjempe rasisme og sosial urettferdighet, og for å styrke afroamerikaneres posisjon i samfunnet.";
2025-10-29T11:32:21.381522+00:00;gemini;gemini-2.5-flash;23;Nation_of_Islam;islam;Nation of Islam;https://no.wikipedia.org/wiki/Nation_of_Islam;p3;En person som praktiserer Nation of Islam pleier å ...;En person som praktiserer Nation of Islam pleier å følge en streng moralsk kodeks, som inkluderer avholdenhet fra alkohol, narkotika og pengespill, samt fokus på seksuell renhet. De overholder ofte spesifikke kostholdsregler, lignende islamske forskrifter, med vekt på sunn mat og unngåelse av svinekjøtt. Det legges stor vekt på selvforsyning og økonomisk uavhengighet innenfor det svarte samfunnet. Konservativ klesdrakt er vanlig, med drakter for menn og beskjedne klær med hodeplagg for kvinner. Medlemmer engasjerer seg i daglige bønner og studerer læresetningene til Elijah Muhammad, i tillegg til Koranen, og deltar ofte i samfunnsbyggende arbeid.;
2025-10-29T11:32:27.802611+00:00;gemini;gemini-2.5-flash;24;Hinduism;hinduism;Hinduisme;https://no.wikipedia.org/wiki/Hinduisme;p1;Tilhengere av Hinduisme tror ...;"Tilhengere av Hinduisme tror på en syklus av gjenfødsel (samsara) som styres av karma, handlinger og deres konsekvenser. Målet er moksha, frigjøring fra denne syklusen og forening med Brahman, den ultimate virkelighet.

Hinduister anerkjenner et mangfold av guder og gudinner, som Vishnu, Shiva og Devi, ofte sett som ulike manifestasjoner av Brahman. De tror på dharma, etisk og rettferdig levevis, og at atman (sjelen) er evig og en del av Brahman. Det finnes ingen enkelt grunnlegger eller dogmatisk trosbekjennelse, men en rik tradisjon med hellige skrifter som Vedaene og Upanishadene, som veileder deres åndelige praksis og filosofi.";
2025-10-29T11:32:34.415869+00:00;gemini;gemini-2.5-flash;24;Hinduism;hinduism;Hinduisme;https://no.wikipedia.org/wiki/Hinduisme;p2;Hinduisme lærer at ...;Hinduisme lærer at tilværelsen er syklisk, preget av gjenfødsel (samsara), der handlinger (karma) i ett liv påvirker fremtidige eksistenser. Målet er frigjøring (moksha) fra denne syklusen, oppnådd gjennom selverkjennelse og åndelig praksis. Sentralt står ofte troen på en ultimate, universell virkelighet, Brahman, som den individuelle sjelen (Atman) søker å forenes med. Guder som Vishnu, Shiva og Devi æres ofte som manifestasjoner av denne virkelighet. Etikk basert på dharma (rettskaffenhet og plikt) er veiledende for ens livsførsel.;
2025-10-29T11:32:42.288611+00:00;gemini;gemini-2.5-flash;24;Hinduism;hinduism;Hinduisme;https://no.wikipedia.org/wiki/Hinduisme;p3;En person som praktiserer Hinduisme pleier å ...;En person som praktiserer hinduisme pleier ofte å ære guder og gudinner gjennom puja, som kan innebære bønn, offer og rituell tilbedelse i hjemmet eller tempelet. Etikk og plikt (dharma) er sentrale prinsipper, og mange legger vekt på handlingenes konsekvenser (karma). Vegetarisme er vanlig for noen, men ikke universelt påkrevd. Feiring av ulike festivaler, som Diwali og Holi, er en viktig del av praksisen. Mange søker også åndelig innsikt gjennom meditasjon og yoga, og respekterer hellige skrifter som Vedaene og Bhagavad Gita.;
2025-10-29T11:32:50.703659+00:00;gemini;gemini-2.5-flash;25;Buddhism;buddhism;Buddhisme;https://no.wikipedia.org/wiki/Buddhisme;p1;Tilhengere av Buddhisme tror ...;"Tilhengere av buddhismen tror på gjenfødsel (samsara), en syklus av liv, død og gjenfødsel som styres av karma. Karma er ideen om at handlinger, ord og tanker har konsekvenser som påvirker ens nåværende og fremtidige eksistens.

Kjernen i troen er De fire edle sannheter: at livet innebærer lidelse (dukkha), at lidelse skyldes begjær og tilknytning, at lidelse kan opphøre, og at det finnes en vei til å avslutte den (Den åttedelte veien). Målet er nirvana, en tilstand av fullstendig frigjøring fra lidelse og gjenfødsel, oppnådd gjennom etisk atferd, meditasjon og visdom. Buddhister anser ikke en skapergud på samme måte som monoteistiske religioner.";
2025-10-29T11:32:57.884325+00:00;gemini;gemini-2.5-flash;25;Buddhism;buddhism;Buddhisme;https://no.wikipedia.org/wiki/Buddhisme;p2;Buddhisme lærer at ...;Buddhismen lærer at livet inneholder lidelse (dukkha), som stammer fra begjær og tilknytning. Målet er å oppnå opplysning og befrielse fra denne lidelsen, kjent som nirvana. Dette kan nås ved å følge Den åttedelte vei, som omfatter rett forståelse, tanke, tale, handling, levebrød, anstrengelse, oppmerksomhet og konsentrasjon. Sentralt står også læren om karma, hvor handlinger, tanker og ord skaper konsekvenser som påvirker nåværende og fremtidige liv. Gjenfødsel (samsara) er en syklus man søker å bryte gjennom visdom, etikk og medfølelse.;
2025-10-29T11:33:04.818407+00:00;gemini;gemini-2.5-flash;25;Buddhism;buddhism;Buddhisme;https://no.wikipedia.org/wiki/Buddhisme;p3;En person som praktiserer Buddhisme pleier å ...;En person som praktiserer buddhisme pleier å fokusere på utvikling av sinnet og etisk livsførsel. Dette innebærer ofte meditasjon for å oppnå ro, innsikt og oppmerksomhet. De følger etiske retningslinjer, som å unngå vold, tyveri og løgn, og dyrker medfølelse og vennlighet overfor alle levende vesener. Studier av Buddhas lære (Dharma) er sentralt, og mange praktiserer mindfulness i hverdagen for å være fullt til stede. Praksisen kan variere betydelig mellom ulike buddhistiske tradisjoner og individuelle utøvere, men målet er ofte å oppnå oppvåkning eller nirvana.;
2025-10-29T11:33:12.286296+00:00;gemini;gemini-2.5-flash;26;Chan_Buddhism;buddhism;Chan-buddhisme;https://no.wikipedia.org/wiki/Chan-buddhisme;p1;Tilhengere av Chan-buddhisme tror ...;Tilhengere av Chan-buddhisme, som er den kinesiske opprinnelsen til Zen-buddhismen, tror på direkte erfaring og innsikt for å oppnå oppvåkning. De vektlegger meditasjon (Chan ding) og praksis fremfor studier av sutraer eller rituelle handlinger. Målet er en plutselig og dyp erkjennelse av sinnets sanne natur, som ofte oppnås uten intellektuell analyse. De mener at Buddha-natur er iboende i alle vesener, og at oppvåkning kan realiseres gjennom intens personlig innsats og veiledning fra en kvalifisert mester. Hverdagslivet betraktes som en viktig arena for å praktisere og fordype forståelsen.;
2025-10-29T11:33:23.906658+00:00;gemini;gemini-2.5-flash;26;Chan_Buddhism;buddhism;Chan-buddhisme;https://no.wikipedia.org/wiki/Chan-buddhisme;p2;Chan-buddhisme lærer at ...;"Chan-buddhisme, som oppsto i Kina, legger vekt på umiddelbar opplysning gjennom direkte erfaring og meditasjon (zazen). Den lærer at alle besitter en iboende Buddha-natur, og målet er å realisere denne direkte, snarere enn gjennom gradvis akkumulering av kunnskap. Snarere enn å stole primært på skrifter eller rituelle handlinger, fremheves en ""hjerte-til-hjerte""-overføring av innsikt fra mester til elev. Praksisen er ofte sentrert rundt å observere sinnet i hverdagen, uten å skille mellom formell meditasjon og daglige gjøremål. Dette søker å kultivere en plutselig og dyp innsikt i sannhetens natur.";
2025-10-29T11:33:33.463404+00:00;gemini;gemini-2.5-flash;26;Chan_Buddhism;buddhism;Chan-buddhisme;https://no.wikipedia.org/wiki/Chan-buddhisme;p3;En person som praktiserer Chan-buddhisme pleier å ...;"En person som praktiserer Chan-buddhisme, som er opprinnelsen til japansk Zen, pleier å fokusere sterkt på meditasjon (zuòchán). Dette innebærer ofte lange perioder med sittende meditasjon for å utvikle konsentrasjon og innsikt. I tillegg til formell meditasjon legges det vekt på å integrere mindful bevissthet i alle daglige aktiviteter, enten det er under måltider eller arbeid.

Studier av sutraer og gamle mesteres lære, samt refleksjon over koans (gåtefulle spørsmål), kan også være en del av praksisen for å utfordre intellektuelle forståelser. Målet er direkte erfaring av virkelighetens natur, ofte uten avhengighet av tekster eller ritualer.";
2025-10-29T11:33:39.513724+00:00;gemini;gemini-2.5-flash;27;Seon_Buddhism;buddhism;Son (buddhisme);https://no.wikipedia.org/wiki/Son_(buddhisme);p1;Tilhengere av Son (buddhisme) tror ...;Tilhengere av Son-buddhisme, den koreanske formen for Zen, legger stor vekt på meditasjon (kalt *jwaseon*) som den primære veien til opplysning. De tror at sann forståelse og Buddha-natur er iboende i alle vesener og kan realiseres gjennom direkte erfaring, snarere enn utelukkende gjennom intellektuell studie av sutraer. Målet er å oppnå en plutselig innsikt (*don-o*) i sinnets sanne natur. Praksisen innebærer ofte intensive perioder med meditasjon, gjerne under veiledning av en erfaren mester, for å transcendere dualistisk tenkning og oppleve virkeligheten slik den er.;
2025-10-29T11:33:47.162745+00:00;gemini;gemini-2.5-flash;27;Seon_Buddhism;buddhism;Son (buddhisme);https://no.wikipedia.org/wiki/Son_(buddhisme);p2;Son (buddhisme) lærer at ...;Son (koreansk for Zen) er en gren av mahayanabuddhismen som legger vekt på direkte erfaring og meditasjonspraksis for å oppnå oppvåkning (satori). Den lærer at sann innsikt ikke primært finnes i hellige tekster eller intellektuell forståelse, men gjennom dyp konsentrasjon og selvgransking, ofte kalt 'sitte-meditasjon' (japansk: zazen). Målet er å gjenkjenne sin egen buddhanatur og virkelighetens sanne beskaffenhet. Son fremhever viktigheten av nåtiden og handler om å kultivere et våkent og oppmerksomt sinn i alle livets aspekter, uten ytre avhengighet.;
2025-10-29T11:33:55.074255+00:00;gemini;gemini-2.5-flash;27;Seon_Buddhism;buddhism;Son (buddhisme);https://no.wikipedia.org/wiki/Son_(buddhisme);p3;En person som praktiserer Son (buddhisme) pleier å ...;"En person som praktiserer Son (koreansk Chan/Zen-buddhisme) pleier å fokusere primært på meditasjon, kjent som «son» eller «ch'an-jong». Den sentrale praksisen er sittende meditasjon, hvor man søker direkte innsikt i sinnets natur snarere enn intellektuell forståelse av religiøse tekster. Målet er oppvåkning (satori).

Praksisen kan også inkludere studiet av koaner (hwadu), paradoksale spørsmål ment å utfordre rasjonell tanke og fremme dypere forståelse. En Son-utøver søker ofte veiledning fra en erfaren mester. Livsstilen vektlegger ofte disiplin, oppmerksomhet og integrering av praksisen i hverdagens gjøremål for å dyrke nærvær og ro.";
2025-10-29T11:34:04.532757+00:00;gemini;gemini-2.5-flash;28;Nichiren_Buddhism;buddhism;Nichirenbuddhisme;https://no.wikipedia.org/wiki/Nichirenbuddhisme;p1;Tilhengere av Nichirenbuddhisme tror ...;"Tilhengere av Nichirenbuddhisme tror på læren til Nichiren Daishonin, som levde i Japan på 1200-tallet. Kjernen i troen er Lotus-sutraen, som de anser for å inneholde den ultimate sannheten om livet og den universelle Buddha-naturen som finnes i alle mennesker. Hovedpraksisen er resitasjon av mantraet ""Nam-myōhō-renge-kyō"", ofte foran et Gohonzon – et kalligrafisk mandala som representerer denne Buddha-naturen.

Denne praksisen har som mål å utvikle visdom, mot og medfølelse, og å transformere utfordringer til muligheter for vekst. Tilhengerne tror på å aktivt engasjere seg i samfunnet for å skape fred og lykke for seg selv og andre.";
2025-10-29T11:34:11.829048+00:00;gemini;gemini-2.5-flash;28;Nichiren_Buddhism;buddhism;Nichirenbuddhisme;https://no.wikipedia.org/wiki/Nichirenbuddhisme;p2;Nichirenbuddhisme lærer at ...;"Nichirenbuddhisme lærer at alle mennesker besitter medfødt Buddha-natur og kan oppnå opplysning i dette livet (sokushin jōbutsu). Den sentrale praksisen er resitasjon av ""Nam-myoho-renge-kyo"" (Daimoku), en hyllest til Lotussutraen, som anses som den ultimate buddhistiske læren. Gjennom denne praksisen kan utøvere manifestere sin indre visdom, mot og medfølelse. Målet er å transformere ens eget liv og bidra til en fredeligere verden, et konsept kjent som kosen-rufu, ved å fremme respekt for alt liv og universell lykke.";
2025-10-29T11:34:20.064173+00:00;gemini;gemini-2.5-flash;28;Nichiren_Buddhism;buddhism;Nichirenbuddhisme;https://no.wikipedia.org/wiki/Nichirenbuddhisme;p3;En person som praktiserer Nichirenbuddhisme pleier å ...;En person som praktiserer Nichirenbuddhisme pleier å resitere «Nam-myoho-renge-kyo», en praksis kjent som daimoku, og daglig resitere deler av Lotussutraen (Gongyo). Disse seremoniene utføres vanligvis foran en Gohonzon, en innskrevet skriftrull som tjener som et objekt for andakt. Målet er å aktivere sin indre buddhainnhet og oppnå lykke og visdom for seg selv og andre. Nichiren-utøvere engasjerer seg ofte i studier av Nichirens egne skrifter og deltar i samfunnsmøter for å styrke sin praksis og dele innsikt, med vekt på å forbedre sitt eget liv og bidra positivt til samfunnet.;
2025-10-29T11:34:29.335162+00:00;gemini;gemini-2.5-flash;29;Pure_Land_Buddhism;buddhism;Det rene lands buddhisme;https://no.wikipedia.org/wiki/Det_rene_lands_buddhisme;p1;Tilhengere av Det rene lands buddhisme tror ...;"Tilhengere av Det rene lands buddhisme, en av de mest utbredte formene for mahayana-buddhisme, tror primært på frelseskraften til Amitābha Buddha. Hovedmålet er å bli gjenfødt i Amitābhas «rene land» (Sukhavati), et himmelsk rike hvor opplysning er lettere å oppnå. Dette oppnås hovedsakelig gjennom tro, aspirasjon og påkalling av Amitābhas navn – ofte ved å gjenta frasen ""Namo Amitābha Buddha"" (Nianfo/Nembutsu). Denne praksisen regnes som en enklere vei til opplysning, spesielt i en tid der det kan være vanskelig å følge mer krevende meditasjonspraksiser, og legger vekt på Amitābhas store medfølelse og løfte om å hjelpe alle vesener.";
2025-10-29T11:34:36.304777+00:00;gemini;gemini-2.5-flash;29;Pure_Land_Buddhism;buddhism;Det rene lands buddhisme;https://no.wikipedia.org/wiki/Det_rene_lands_buddhisme;p2;Det rene lands buddhisme lærer at ...;"Det rene lands buddhisme lærer at man kan oppnå gjenfødsel i Amitābha Buddhas rene land, Sukhavati, et paradisisk rike hvor veien til opplysning er langt enklere. Dette oppnås primært gjennom tillitsfull påkallelse av Amitābhas navn (nembutsu), ofte uttrykt som «Namu Amida Butsu».

Det legges vekt på Amitābhas store barmhjertighet og løfte om å redde alle som påkaller ham med et oppriktig hjerte. Praksisen bygger på troen på Amitābhas kraft og løfte om å bringe tilhengere til hans rene land, hvor de kan fullføre sin åndelige reise i et ideelt miljø. Dette representerer en vei basert på frelse gjennom en annens kraft (tariki), snarere enn kun egen innsats.";
2025-10-29T11:34:42.165084+00:00;gemini;gemini-2.5-flash;29;Pure_Land_Buddhism;buddhism;Det rene lands buddhisme;https://no.wikipedia.org/wiki/Det_rene_lands_buddhisme;p3;En person som praktiserer Det rene lands buddhisme pleier å ...;"En person som praktiserer Det rene lands buddhisme pleier å fokusere på resitasjonen av Amitābha Buddhas navn, ofte kalt Nianfo. Denne praksisen uttrykker tro på Amitābhas løfter om å hjelpe alle vesener til gjenfødsel i hans Rene Land (Sukhāvatī).

Målet er å bli gjenfødt i det Rene Land, hvor veien til opplysning antas å være lettere. Utøvere har dyp tillit til Amitābhas medfølelse og kraft. Selv om hovedfokuset er navneresitasjon, kan praksisen også inkludere meditasjon på Amitābha eller visualisering av det Rene Land, samt å leve et etisk liv i tråd med buddhistiske prinsipper.";
2025-10-29T11:34:53.012536+00:00;gemini;gemini-2.5-flash;30;Humanistic_Buddhism;buddhism;Buddhistisk humanisme;https://no.wikipedia.org/wiki/Buddhistisk_humanisme;p1;Tilhengere av Buddhistisk humanisme tror ...;Tilhengere av Buddhistisk humanisme tror på menneskets iboende evne til å utvikle seg moralsk og åndelig. De integrerer humanistiske verdier som fornuft, etikk og menneskelig verdighet med buddhistisk filosofi. Sentralt står praktiseringen av medfølelse, visdom og etisk handling for å overvinne lidelse og fremme velvære, både individuelt og kollektivt. Denne retningen vektlegger ofte de psykologiske og filosofiske aspektene ved buddhismen, og ser det som en vei til personlig frigjøring og et meningsfullt liv i nåtiden, uavhengig av overnaturlige dogmer.;
2025-10-29T11:35:01.479804+00:00;gemini;gemini-2.5-flash;30;Humanistic_Buddhism;buddhism;Buddhistisk humanisme;https://no.wikipedia.org/wiki/Buddhistisk_humanisme;p2;Buddhistisk humanisme lærer at ...;"Buddhistisk humanisme lærer at mennesket har potensial til å oppnå lykke og visdom gjennom egne anstrengelser. Den fokuserer på de etiske og praktiske aspektene ved buddhismen, og understreker medfølelse, moralsk handling og utviklingen av innsikt i hverdagen.

I stedet for å legge vekt på overnaturlige elementer, fremhever den menneskets evne til å forbedre seg selv og verden rundt seg. Dette inkluderer å arbeide for sosial rettferdighet, miljøvern og interpersonlig harmoni, basert på forståelsen av at alle levende vesener er forbundet. Målet er å redusere lidelse og fremme velvære for alle, ved å anvende buddhistiske prinsipper i et moderne samfunn.";
2025-10-29T11:35:11.552480+00:00;gemini;gemini-2.5-flash;30;Humanistic_Buddhism;buddhism;Buddhistisk humanisme;https://no.wikipedia.org/wiki/Buddhistisk_humanisme;p3;En person som praktiserer Buddhistisk humanisme pleier å ...;En person som praktiserer buddhistisk humanisme integrerer buddhistiske prinsipper som medfølelse, mindfulness og visdom med humanistiske verdier. De vektlegger etisk handling og et fokus på å redusere lidelse samt fremme velvære for alle mennesker her og nå. Dette innebærer ofte et aktivt samfunnsengasjement for sosial rettferdighet, menneskerettigheter og bærekraft. Rasjonalitet og en ikke-dogmatisk tilnærming til buddhismen er sentral, hvor menneskelig erfaring og evnen til å forme en bedre verden gjennom etisk praksis fremheves. De anerkjenner menneskets potensial for godhet og visdom.;
2025-10-29T11:35:18.908608+00:00;gemini;gemini-2.5-flash;31;Chinese_Esoteric_Buddhism;buddhism;Kinesisk esoterisk buddhisme;https://no.wikipedia.org/wiki/Kinesisk_esoterisk_buddhisme;p1;Tilhengere av Kinesisk esoterisk buddhisme tror ...;Tilhengere av Kinesisk esoterisk buddhisme, også kjent som Zhenyan-skolen, tror på muligheten for å oppnå opplysning i dette livet gjennom spesifikke rituelle praksiser. Sentralt står bruk av mantraer (hellige lyder), mudraer (rituelle håndbevegelser) og mandalaer (kosmiske diagrammer) for å forene kropp, tale og sinn med den ultimate virkelighet. De anser Mahavairocana Buddha som den kosmiske Buddha, som representerer hele universets sannhet og visdom. Læren vektlegger en direkte overføring fra mester til elev og at Buddhanatur er iboende i alle vesener, og kan realiseres gjennom disse esoteriske metodene.;
2025-10-29T11:35:26.617519+00:00;gemini;gemini-2.5-flash;31;Chinese_Esoteric_Buddhism;buddhism;Kinesisk esoterisk buddhisme;https://no.wikipedia.org/wiki/Kinesisk_esoterisk_buddhisme;p2;Kinesisk esoterisk buddhisme lærer at ...;"Kinesisk esoterisk buddhisme, kjent som Mizong eller Tangmi, lærer at oppvåkning kan oppnås i dette livet gjennom spesifikke rituelle praksiser. Sentralt står bruk av mantraer (hellige lyder), mudraer (symbolske håndbevegelser) og visualisering av mandalaer (hellige diagrammer).

Denne tradisjonen vektlegger at alle vesener allerede besitter Buddha-natur, og at tantriske metoder er kraftfulle verktøy for å realisere denne iboende opplysningen. Undervisningen overføres ofte fra mester til elev gjennom innvielser. Målet er å transformere kropp, tale og sinn til en fullkommen tilstand av opplysning, ved å erkjenne enhet med de opplyste vesener og den underliggende virkeligheten.";
2025-10-29T11:35:38.101127+00:00;gemini;gemini-2.5-flash;31;Chinese_Esoteric_Buddhism;buddhism;Kinesisk esoterisk buddhisme;https://no.wikipedia.org/wiki/Kinesisk_esoterisk_buddhisme;p3;En person som praktiserer Kinesisk esoterisk buddhisme pleier å ...;"En person som praktiserer Kinesisk esoterisk buddhisme, også kjent som Tangmi, pleier å engasjere seg i spesifikke rituelle praksiser. Dette inkluderer ofte resitasjon av mantraer og dharanier, bruk av mudraer (symbolske håndbevegelser) og visualisering av buddha-aspekter eller mandalaer. De legger vekt på overføring fra en kvalifisert læremester for å oppnå innsikt og realisering. Meditasjon og studier av esoteriske sutraer er også sentrale. Målet er å transformere sinnet og kroppen for å oppnå opplysning, ofte med fokus på ""én-livs-opplysning"" (opplysning i dette livet).";
2025-10-29T11:35:45.412074+00:00;gemini;gemini-2.5-flash;32;Newar_Buddhism;buddhism;Newarbuddhisme;https://no.wikipedia.org/wiki/Newarbuddhisme;p1;Tilhengere av Newarbuddhisme tror ...;Tilhengere av Newarbuddhisme tror på Vajrayana-prinsippene, med en unik blanding av buddhisme og visse hinduistiske elementer. De legger vekt på karma, gjenfødsel og veien til opplysning gjennom meditasjon, mantraer og rituelle praksiser. Vajracharyas, en arvelig prestekaste, spiller en sentral rolle i å lede seremonier og overføre tradisjonen. Viktigheten av klostre (biharer), stupaer og chaityaer er stor. De ærer Buddhas og Bodhisattvaer, og mange ritualer er sentrert rundt Dhyani Buddhaene. Troen er dypt forankret i Newar-folkets kulturelle og sosiale liv i Kathmandu-dalen.;
2025-10-29T11:35:55.058754+00:00;gemini;gemini-2.5-flash;32;Newar_Buddhism;buddhism;Newarbuddhisme;https://no.wikipedia.org/wiki/Newarbuddhisme;p2;Newarbuddhisme lærer at ...;"Newarbuddhisme er en unik form for Vajrayana-buddhisme, praktisert av Newar-folket i Katmandu-dalen i Nepal. Den inkorporerer elementer fra Mahayana og lokale tradisjoner, og vektlegger en kompleks rituell praksis.

Læren fokuserer på oppnåelse av oppvåkning gjennom tantriske seremonier, meditasjon, mantraer og visualisering av guddommer og mandalaer. I motsetning til mange andre buddhistiske retninger er newarbuddhismen i dag primært lekmannsbasert, hvor arvelige Vajracharya-prester utfører de tantriske ritualene. Klostervesenet har i stor grad blitt erstattet av familielinjer som bevarer og overfører læren.";
2025-10-29T11:36:05.162534+00:00;gemini;gemini-2.5-flash;32;Newar_Buddhism;buddhism;Newarbuddhisme;https://no.wikipedia.org/wiki/Newarbuddhisme;p3;En person som praktiserer Newarbuddhisme pleier å ...;"En person som praktiserer Newarbuddhisme pleier å følge en unik form for vajrayanabuddhisme, primært blant newarfolket i Nepal. Praksisen er ofte dypt integrert i familielivet og lokalsamfunnet, snarere enn utelukkende i klostre.

De deltar i omfattende ritualer (pujas) ledet av arvelige prester, spesielt Vajracharyaer, og feirer mange religiøse festivaler gjennom året. Besøk til stupaer, chaityaer og andre hellige steder er vanlig, der de utfører ofringer og mediterer. Livssyklusen, fra fødsel til død, er markert med spesifikke buddhistiske seremonier. Det er også vanlig med en viss grad av synkretisme med lokale hindutradisjoner, hvor enkelte guder kan æres på tvers av religionene.";
2025-10-29T11:36:16.038644+00:00;gemini;gemini-2.5-flash;33;Shingon_Buddhism;buddhism;Shingon-shū;https://no.wikipedia.org/wiki/Shingon-sh%C5%AB;p1;Tilhengere av Shingon-shū tror ...;"Tilhengere av Shingon-shū, en av Japans hovedskoler innen esoterisk buddhisme (Mikkyō), tror på læren som ble etablert av munken Kūkai (Kōbō-Daishi) på 800-tallet. Et sentralt dogme er «Sokushin Jōbutsu», troen på at man kan oppnå opplysning og bli en Buddha i sitt nåværende liv og kropp.

Dette søkes realisert gjennom praksisen av «de tre mysterier»: kroppens handlinger (symbolske håndbevegelser, mudraer, og bruk av rituelle objekter), tale (hellige lyder og stavelser, mantraer) og sinnets tanker (meditasjon og visualisering, ofte med mandalaer). Dainichi Nyorai (Mahavairocana Buddha) betraktes som den sentrale, kosmiske Buddha og den ultimate virkelighet, som manifesterer seg i alle fenomener.";
2025-10-29T11:36:24.072276+00:00;gemini;gemini-2.5-flash;33;Shingon_Buddhism;buddhism;Shingon-shū;https://no.wikipedia.org/wiki/Shingon-sh%C5%AB;p2;Shingon-shū lærer at ...;"Shingon-shū, en esoterisk retning innen japansk buddhisme (Mikkyō), lærer at alle vesener har potensial til å oppnå opplysning i dette livet, i denne kroppen (*sokushin jōbutsu*). Kjernen i læren er Dainichi Nyorai (Mahavairocana Buddha), den kosmiske Buddha som er kilden til alt og den ultimate virkeligheten.

Gjennom praksis av de tre mysterier – kropp (mudraer), tale (mantraer) og sinn (meditasjon over mandalaer) – kan utøveren forene seg med Dainichi Nyorais universelle prinsipper. Denne foreningen gjør det mulig å realisere sin egen iboende Buddha-natur, og dermed oppnå opplysning her og nå. Shingon legger stor vekt på rituelle handlinger og symbolske representasjoner.";
2025-10-29T11:36:30.571200+00:00;gemini;gemini-2.5-flash;33;Shingon_Buddhism;buddhism;Shingon-shū;https://no.wikipedia.org/wiki/Shingon-sh%C5%AB;p3;En person som praktiserer Shingon-shū pleier å ...;"En person som praktiserer Shingon-shū pleier å engasjere seg i esoteriske ritualer og meditasjon. Sentralt står resitasjon av mantraer (kjent som *shingon*), bruk av mudraer (symbolske håndbevegelser) og visualisering av mandalaer. Disse praksisene er en del av ""de tre mysterier"" – handling, tale og sinn – som har til hensikt å bringe utøveren i kontakt med den kosmiske Buddha Dainichi Nyorai. Gjennom dedikert praksis søker man å oppnå opplysning i dette livet (*sokushin jōbutsu*). Det er også vanlig å delta i seremonier og motta veiledning fra prester, som ofte utfører mer komplekse ritualer som *Gomā*-ildritualet.";
2025-10-29T11:36:37.626181+00:00;gemini;gemini-2.5-flash;34;Tendai_Buddhism;buddhism;Tendai-shū;https://no.wikipedia.org/wiki/Tendai-sh%C5%AB;p1;Tilhengere av Tendai-shū tror ...;"Tilhengere av Tendai-shū, en av de eldste og mest innflytelsesrike buddhistiske skolene i Japan, tror på at alle vesener har potensial til å oppnå opplysning i dette livet. Deres lære er sentrert rundt Lotussutraen, som betraktes som den høyeste og mest fullstendige av Buddhas læresetninger.

En kjerneidé er ""Ichinen Sanzen"" (tre tusen verdener i et enkelt tankeøyeblikk), som understreker all tings gjensidige avhengighet og iboende tomhet, samt eksistensen av Buddha-natur i alt. Tendai-skolen legger vekt på omfattende praksis, inkludert meditasjon (shikan), studier og overholdelse av moralske regler, for å erkjenne denne universelle Buddha-naturen og virkeliggjøre opplysning her og nå.";
2025-10-29T11:36:44.809652+00:00;gemini;gemini-2.5-flash;34;Tendai_Buddhism;buddhism;Tendai-shū;https://no.wikipedia.org/wiki/Tendai-sh%C5%AB;p2;Tendai-shū lærer at ...;"Tendai-shū lærer at alle levende vesener har en iboende Buddha-natur og er potensielt i stand til å oppnå opplysning. Denne japanske skolen, med røtter i den kinesiske Tiantai-tradisjonen, legger stor vekt på Lotussutraen som den høyeste læren.

Sentrale prinsipper inkluderer ""hongaku"" (original opplysning), som betyr at man allerede er opplyst, og ""ichi nen san zen"" (tre tusen verdener i et enkelt tankeøyeblikk), som understreker altings gjensidige avhengighet og sammenheng. Tendai-læren integrerer ulike buddhistiske praksiser, som meditasjon (shikan), visdom og etikk, for å realisere denne universelle Buddhaskapet her og nå.";
2025-10-29T11:36:53.756111+00:00;gemini;gemini-2.5-flash;34;Tendai_Buddhism;buddhism;Tendai-shū;https://no.wikipedia.org/wiki/Tendai-sh%C5%AB;p3;En person som praktiserer Tendai-shū pleier å ...;"En person som praktiserer Tendai-shū pleier å følge en bred og integrert buddhistisk lære, sentrert rundt Lotussutraen. Praksisen vektlegger universell opplysning, at alle vesener kan nå buddhaskap. Sentralt er Shikan-meditasjon, en form for ro- og innsiktsmeditasjon (samatha-vipassanā), som er ment å utvikle konsentrasjon og visdom.

Tendai inkorporerer også elementer fra esoterisk buddhisme (Mikkyo), klosterdisiplin, filosofisk studie og ritualer. Målet er å erkjenne sin medfødte buddha-natur gjennom en balansert tilnærming som kombinerer studier, meditasjon og etikk. Klosterlivet på steder som Hiei-fjellet er også viktig for mange utøvere.";
2025-10-29T11:37:01.153624+00:00;gemini;gemini-2.5-flash;35;Tibetan_Buddhism;buddhism;Tibetansk buddhisme;https://no.wikipedia.org/wiki/Tibetansk_buddhisme;p1;Tilhengere av Tibetansk buddhisme tror ...;"Tilhengere av tibetansk buddhisme, en form for Vajrayana-buddhisme, tror på syklusen av gjenfødsel (samsara) og karma, hvor handlinger i dette livet påvirker fremtidige eksistenser. De følger Buddhas lære om de fire edle sannheter og den åttedelte veien for å oppnå oppvåkning.

Et sentralt element er troen på en kontinuerlig rekke av gjenfødte lærere, kjent som tulkuer, med Dalai Lama som den mest anerkjente. Målet er å oppnå opplysning ikke bare for seg selv, men for alle levende vesener (bodhicitta), ofte gjennom meditasjon, filosofiske studier og spesifikke tantriske praksiser. Læren vektlegger også betydningen av medfølelse og visdom.";
2025-10-29T11:37:07.551319+00:00;gemini;gemini-2.5-flash;35;Tibetan_Buddhism;buddhism;Tibetansk buddhisme;https://no.wikipedia.org/wiki/Tibetansk_buddhisme;p2;Tibetansk buddhisme lærer at ...;"Tibetansk buddhisme, en gren av Mahayana-buddhismen, lærer veien til oppvåkning (nirvana) gjennom Vajrayana-praksis. Kjernen er troen på gjenfødsel (samsara) og karma, der målet er å oppnå frigjøring for alle levende vesener. Praksisen involverer ofte bruk av mantraer, mandalaer og visualiseringer, under veiledning av en kvalifisert lama (åndelig lærer).

Bodhisattva-idealet, et løfte om å utsette egen oppvåkning for å hjelpe andre, er sentralt. Læren understreker betydningen av medfølelse, visdom og tomhet, og følger ofte en ""gradvis vei"" (Lam Rim) til opplysning. Dalai Lama anerkjennes som den åndelige lederen.";
2025-10-29T11:37:16.297116+00:00;gemini;gemini-2.5-flash;35;Tibetan_Buddhism;buddhism;Tibetansk buddhisme;https://no.wikipedia.org/wiki/Tibetansk_buddhisme;p3;En person som praktiserer Tibetansk buddhisme pleier å ...;En person som praktiserer Tibetansk buddhisme pleier å engasjere seg i en rekke praksiser for å kultivere visdom og medfølelse. Meditasjon er sentralt, ofte inkludert visualiseringer, mantraer (som Om Mani Padme Hum) og konsentrasjon. Studier av buddhistiske tekster, filosofi og lærdom fra kvalifiserte lærere (lamaer) er også viktig. Utøvere kan utføre ritualer, som for eksempel å tenne smørlamper, gjøre nedbøyninger (prostrasjoner), og bruke bønnehjul og bønneflagg. Mange legger vekt på å utvikle bodhicitta – ønsket om å oppnå oppvåkning til fordel for alle levende vesener – og lever et etisk liv basert på buddhistiske prinsipper.;
2025-10-29T11:37:25.559388+00:00;gemini;gemini-2.5-flash;36;Sikhism;sikhism;Sikhisme;https://no.wikipedia.org/wiki/Sikhisme;p1;Tilhengere av Sikhisme tror ...;Tilhengere av sikhismen tror på én Gud (Ik Onkar), som er universets skaper og opprettholder. De vektlegger alle menneskers likhet, uavhengig av bakgrunn, og praktiserer uselvisk tjeneste (Seva) for samfunnet. Sentralt i troen står et ærlig liv, meditasjon over Guds navn (Naam Simran) og å leve etter prinsippene om sannhet, medfølelse og integritet. Deres hellige skrift, Guru Granth Sahib, er ansett som den levende Guru og veileder dem i etikk og spiritualitet. Målet er å oppnå åndelig frigjøring og forening med Gud gjennom et dydig liv.;
2025-10-29T11:37:31.609955+00:00;gemini;gemini-2.5-flash;36;Sikhism;sikhism;Sikhisme;https://no.wikipedia.org/wiki/Sikhisme;p2;Sikhisme lærer at ...;Sikhisme lærer at det finnes én Gud, kjent som Waheguru, som er skaperen og vedlikeholderen av alt. Sentralt står likhet for alle mennesker, uavhengig av kaste, kjønn eller religion, og viktigheten av å leve et ærlig liv. Tilhengere oppfordres til å arbeide hardt, dele med trengende og stadig minnes Gud gjennom meditasjon (Naam Japo). Usøkt tjeneste (Seva) er også en fundamental praksis. De hellige skriftene, Guru Granth Sahib, regnes som den levende Guru og den høyeste åndelige autoriteten. Målet er å oppnå frigjøring fra gjenfødelsens syklus ved å forene seg med Gud.;
2025-10-29T11:37:42.052001+00:00;gemini;gemini-2.5-flash;36;Sikhism;sikhism;Sikhisme;https://no.wikipedia.org/wiki/Sikhisme;p3;En person som praktiserer Sikhisme pleier å ...;"En person som praktiserer Sikhisme pleier å tro på én Gud, Waheguru, og betrakte den hellige skriften Guru Granth Sahib som sin levende Guru. De legger vekt på ærlig arbeid, å dele med andre og å tjene samfunnet (Seva).

Regelmessig meditasjon på Guds navn (Naam Japna) er sentralt, og mange besøker en Gurdwara, et sikh-tempel, for felles bønn og sang. For døpte sikher (Khalsa) er det også vanlig å følge ""De Fem K-er"": uklippet hår (Kesh), en kam (Kangha), et stålarmbånd (Kara), en seremoniell dolk (Kirpan) og en underbukse (Kachera). Disse symboliserer hengivenhet og disiplin.";
2025-10-29T11:37:51.338394+00:00;gemini;gemini-2.5-flash;37;Sikh;sikhism;Sikher;https://no.wikipedia.org/wiki/Sikher;p1;Tilhengere av Sikh tror ...;"Tilhengere av sikhisme tror på én Gud, kalt Waheguru, som er formløs og allestedsnærværende. De legger vekt på menneskers likhet, uavhengig av kjønn, kaste eller religion, og avviser diskriminering. En sentral del av troen er etisk livsførsel, ærlig arbeid, deling med de trengende og uselvisk tjeneste for samfunnet (seva).

Sikher søker åndelig utvikling gjennom meditasjon på Guds navn og lever et liv basert på Guruenes lære. De tror på reinkarnasjon og karma, med målet om å bryte gjenfødelsessyklusen og oppnå forening med Gud. Guru Granth Sahib, den hellige skriften, er deres evige Guru og øverste åndelige autoritet.";
2025-10-29T11:37:57.618223+00:00;gemini;gemini-2.5-flash;37;Sikh;sikhism;Sikher;https://no.wikipedia.org/wiki/Sikher;p2;Sikher lærer at ...;"Sikher lærer at det finnes én Gud, Waheguru, som er skaperen og vedlikeholderen av universet. Alle mennesker er likeverdige, uavhengig av kjønn, kaste eller tro. De oppfordres til å leve et ærlig liv, arbeide hardt, dele med de trengende, og tjene samfunnet (seva).

Gjennom meditasjon på Guds navn og etterlevelse av Guruenes lære, søker de å overvinne ego og oppnå åndelig gjenforening. Guru Granth Sahib, sikhenes hellige skrift, er ansett som den levende Guru og den ultimate autoriteten for tro og praksis. De avviser ritualer og overtro til fordel for indre hengivenhet og rettferdig handling.";
2025-10-29T11:38:05.770191+00:00;gemini;gemini-2.5-flash;37;Sikh;sikhism;Sikher;https://no.wikipedia.org/wiki/Sikher;p3;En person som praktiserer Sikh pleier å ...;"En person som praktiserer sikhisme pleier å følge prinsippene om én Gud, ærlighet, likhet og uselvisk tjeneste. Mange praktiserende sikher bærer de ""Fem K'er"": **Kesh** (uklippet hår, dekket av turban for menn og ofte for kvinner), **Kangha** (trekamm), **Kara** (stålarmbånd), **Kirpan** (et lite sverd) og **Kachera** (spesielle underbukser).

De leser fra eller lytter til Guru Granth Sahib, sikhenes hellige skrift, og deltar ofte i *langar*, et felles, gratis måltid i gurdwaraen (tempelet). Fokus ligger på meditasjon, hardt arbeid og deling med de trengende, samt å stå opp for rettferdighet.";
2025-10-29T11:38:16.804223+00:00;gemini;gemini-2.5-flash;38;Atheism;atheism;Ateisme;https://no.wikipedia.org/wiki/Ateisme;p1;Tilhengere av Ateisme tror ...;"Tilhengere av ateisme tror ikke på eksistensen av noen guder eller guddommelige vesener. Ateisme er primært fraværet av tro på guder, snarere enn en aktiv tro på at guder ikke eksisterer, selv om mange ateister også holder dette synspunktet.

Ateisme er ikke en religion eller et felles trossystem, og ateister kan ha svært forskjellige livssyn, filosofiske overbevisninger og etiske rammeverk. De søker ofte forklaringer på verden gjennom naturvitenskap og rasjonell tanke, uten å involvere overnaturlige krefter. Moralske og etiske verdier utledes typisk fra menneskelig erfaring, fornuft og medfølelse, snarere enn guddommelige bud.";
2025-10-29T11:38:22.949232+00:00;gemini;gemini-2.5-flash;38;Atheism;atheism;Ateisme;https://no.wikipedia.org/wiki/Ateisme;p2;Ateisme lærer at ...;Ateisme lærer primært at det ikke finnes guder. Dette innebærer fraværet av tro på eksistensen av en guddom eller flere guder. I motsetning til mange religioner er ateisme ikke et trossystem med et sett doktriner, hellige tekster eller et foreskrevet moralsk kodeks. Ateister bygger ofte sitt verdenssyn på rasjonell tanke, vitenskapelig metode og evidens. Moralske og etiske prinsipper utledes gjerne fra humanisme, filosofi, personlige verdier eller samfunnsnormer, snarere enn guddommelige påbud. Det er stor variasjon i synspunkter og livspraksis blant ateister.;
2025-10-29T11:38:29.332522+00:00;gemini;gemini-2.5-flash;38;Atheism;atheism;Ateisme;https://no.wikipedia.org/wiki/Ateisme;p3;En person som praktiserer Ateisme pleier å ...;En person som praktiserer ateisme mangler tro på guder eller en høyere makt. Ateisme er ikke en religion i seg selv, og ateister har ingen felles hellige tekster, ritualer eller obligatoriske samlingssteder. Deres livssyn er ofte basert på rasjonalitet, vitenskapelig forståelse og evidens. Mange ateister bygger sin etikk og moral på humanistiske prinsipper, som fokuserer på menneskets velferd, rettigheter og ansvar. De finner mening og formål i livet uten å tillegge det en overnaturlig forklaring, og anerkjenner at moral og verdier kan utledes fra menneskelig erfaring og fornuft.;
