"timestamp_utc";"provider";"engine";"model";"row_index";"name";"category";"norwegian_title";"norwegian_url";"prompt_id";"prompt_text";"response_text";"prompt_tokens";"completion_tokens";"total_tokens";"error"
"2025-10-29T10:50:36.018636+00:00";"openai";"chat";"gpt-4o-mini";"2";"Judaism";"judaism";"Jødedom";"https://no.wikipedia.org/wiki/J%C3%B8dedom";"p1";"Tilhengere av Jødedom tror ...";"Tilhengere av jødedommen, kjent som jøder, tror på en monoteistisk Gud og følger de religiøse skrifter som Toraen, som er del av Tanakh (den hebraiske bibelen). De tror på viktigheten av lovene og forskriftene gitt i Toraen, og praksiser som bønn, sabbat og høytider har stor betydning. Jødedommen har også ulike retninger, inkludert ortodoks, konservativ og reformjødedom, som kan ha ulike tolkninger og praksiser for tro og tradisjon. Jødisk identitet kan også være kulturell og etnisk, ikke bare religiøs.";"62";"146";"208";""
"2025-10-29T10:50:38.887273+00:00";"openai";"chat";"gpt-4o-mini";"2";"Judaism";"judaism";"Jødedom";"https://no.wikipedia.org/wiki/J%C3%B8dedom";"p2";"Jødedom lærer at ...";"Jødedommen er en monoteistisk religion som lærer om troen på én Gud (HaShem), som er skaperen av universet og har inngått en pakt med det jødiske folket. Kjernen i jødisk tro er den hellige teksten Toraen, som inneholder lover og retningslinjer for moral og etikk. Jødedommen legger vekt på samfunn, familie og tradisjoner, og viktige begreper inkluderer Tikkun olam (å reparere verden) og messiansk tro. Respekt for liv, undervisning og loven er sentrale elementer, i tillegg til at jøder feirer ulike høytider som sabbat, pesach og yom kippur.";"58";"162";"220";""
"2025-10-29T10:50:42.051329+00:00";"openai";"chat";"gpt-4o-mini";"2";"Judaism";"judaism";"Jødedom";"https://no.wikipedia.org/wiki/J%C3%B8dedom";"p3";"En person som praktiserer Jødedom pleier å ...";"En person som praktiserer jødedom pleier å delta i ulike religiøse og kulturelle aktiviteter. Dette kan inkludere å overholde sabbaten (Shabbat), som er en hviledag fra fredag kveld til lørdag kveld. De kan også delta i bønner, studere hellige tekster som Toran, og feire jødiske høytider som Pesach (Påske), Yom Kippur (Forsoningsdagen) og Chanukka. Besøk i synagoge og ritualer som omskjæring (brit milah) for nyfødte gutter og bar/bat mitzvah seremonier for ungdommer er også viktige deler av livet til troende jøder.";"65";"151";"216";""
"2025-10-29T10:50:46.330557+00:00";"openai";"chat";"gpt-4o-mini";"3";"Messianic_Judaism";"judaism";"Messiansk jødedom";"https://no.wikipedia.org/wiki/Messiansk_j%C3%B8dedom";"p1";"Tilhengere av Messiansk jødedom tror ...";"Tilhengere av messiansk jødedom tror at Jesus (Yeshua) er den lovede Messias fra Det gamle testamentet. De kombinerer troen på Jesus som frelser med betydningen av jødisk identitet og tradisjon. Messianske jøder ser på seg selv som jøder som bekjenner Jesus som Messias, og de praktiserer ofte jødiske ritualer og høytider. De vektlegger både troen på Jesus og den jødiske kulturen, og de søker å forene jødedom og kristendom i sin tro og praksis.";"65";"134";"199";""
"2025-10-29T10:50:51.311686+00:00";"openai";"chat";"gpt-4o-mini";"3";"Messianic_Judaism";"judaism";"Messiansk jødedom";"https://no.wikipedia.org/wiki/Messiansk_j%C3%B8dedom";"p2";"Messiansk jødedom lærer at ...";"Messiansk jødedom er en religiøs bevegelse som kombinerer elementer fra jødisk tro og kristendom. Den lærer at Jesus (Yeshua) er Messias, en frelserskikkelse forventet innen jødisk tradisjon. Messianske jøder anerkjenner både den hebraiske Bibelen (Tanakh) og Det nye testamente, og de legger vekt på viktigheten av jødisk kultur og praksis. Bevegelsen søker å bevare jødisk identitet samtidig som den fremmer troen på Jesus som den utfyllende oppfyllelsen av messianske profetier. Dette kan variere i tolkning og praksis mellom ulike grupper innen messiansk jødedom.";"61";"162";"223";""
"2025-10-29T10:50:55.574736+00:00";"openai";"chat";"gpt-4o-mini";"3";"Messianic_Judaism";"judaism";"Messiansk jødedom";"https://no.wikipedia.org/wiki/Messiansk_j%C3%B8dedom";"p3";"En person som praktiserer Messiansk jødedom pleier å ...";"En person som praktiserer messiansk jødedom pleier å kombinere elementer fra både jødedom og kristendom. De anser Jesus (Yeshua) som Messias og frelser, samtidig som de opprettholder mange jødiske tradisjoner, skikker og høytider. Messianske jøder deltar ofte i synagoget, leser både Det gamle og Det nye testamentet, og praktiserer seremonier som sabbat og jødiske høytider. De fokuserer på troen på Jesus’ oppstandelse og hans rolle i Guds plan for menneskeheten.";"68";"137";"205";""
"2025-10-29T10:51:00.327788+00:00";"openai";"chat";"gpt-4o-mini";"4";"Karaite_Judaism";"judaism";"Karaitter";"https://no.wikipedia.org/wiki/Karaitter";"p1";"Tilhengere av Karaitt tror ...";"Tilhengere av karaitt, også kjent som karaitiske jøder, tror på en form for jødedom som baserer seg utelukkende på Tanakh, den hebraiske Bibelen, og avviser Talmud og rabbinisk tradisjon. De legger vekt på personlig tolkning av Skriften og søker å leve i samsvar med de opprinnelige lovene og forskriftene fra Bibelen. Karaittene mener at religiøs praksis skal være direkte basert på bibelske tekster i stedet for på menneskeskapte tradisjoner. Bevegelsen har historiske røtter som går tilbake til middelalderen.";"62";"142";"204";""
"2025-10-29T10:51:02.445254+00:00";"openai";"chat";"gpt-4o-mini";"4";"Karaite_Judaism";"judaism";"Karaitter";"https://no.wikipedia.org/wiki/Karaitter";"p2";"Karaitter lærer at ...";"Karaitter, også kjent som Karaim, er en jødisk sekter som oppsto i Midtøsten på 700-tallet. De skiller seg fra rabbinisk jødedom ved å avvise Talmud som autoritet og basere sin tro utelukkende på Torah (de fem mosebøkene). Karaitter legger vekt på personlig studium av skrifter og individuelle tolkninger. De har sine egne tradisjoner, helligdager og ritualer, og opprettholder en egen identitet som en del av det jødiske mangfoldet. Karaitter finnes i dag hovedsakelig i Øst-Europa, men også i Israel og Tyrkia.";"58";"150";"208";""
"2025-10-29T10:51:07.717367+00:00";"openai";"chat";"gpt-4o-mini";"4";"Karaite_Judaism";"judaism";"Karaitter";"https://no.wikipedia.org/wiki/Karaitter";"p3";"En person som praktiserer Karaitt pleier å ...";"En person som praktiserer karaitt, også kjent som karaitisk jødedom, følger en variant av jødisk tro og praksis som vektlegger det skrevne Torah (de fem Mosebøkene) og avviser den Rabbinske tradisjonen, inkludert Talmud. Karaitter legger stor vekt på personlig tolkning av skrifter, og de praktiserer mange religiøse seremonier og høytider, men med forskjeller fra rabbinisk jødedom. De følger også spesifikke regler for sabbat og kosjersk mat, men tolkningen kan variere blant karaitter. Lisboa i Portugal har for eksempel en historisk karaitt samfunn.";"65";"152";"217";""
"2025-10-29T10:51:12.429382+00:00";"openai";"chat";"gpt-4o-mini";"5";"Rabbinic_Judaism";"judaism";"Rabbanittisk jødedom";"https://no.wikipedia.org/wiki/Rabbanittisk_j%C3%B8dedom";"p1";"Tilhengere av Rabbanittisk jødedom tror ...";"Tilhengere av rabbanittisk jødedom tror på Toraen som Guds åpenbarte lov, som er samfunnets grunnlag for både etisk og religiøs atferd. De holder fast ved den muntlige Toraen, som har blitt overlevert gjennom generasjoner, og som er kodifisert i verk som Mishnah og Talmud. Rabbanittisk jødedom vektlegger studiet av disse tekstene og anvendelsen av deres prinsipper i hverdagen. Troen inkluderer også viktigheten av tradisjon, fellesskap og ritualer som sabbat og kosher-diett. Rabbanittisk jødedom er den mest utbredte formen for jødedom i verden i dag.";"66";"159";"225";""
"2025-10-29T10:51:16.930940+00:00";"openai";"chat";"gpt-4o-mini";"5";"Rabbinic_Judaism";"judaism";"Rabbanittisk jødedom";"https://no.wikipedia.org/wiki/Rabbanittisk_j%C3%B8dedom";"p2";"Rabbanittisk jødedom lærer at ...";"Rabbanittisk jødedom, også kjent som ortodoks jødedom, er en retning innen jødedommen som følger de halakhiske tradisjonene, det vil si de juridiske og etiske forskriftene som er nedtegnet i Toraen og Talmud. Denne retningen vektlegger viktigheten av både skriftlige og muntlige lover. Rabbanittisk jødedom fokuserer på å opprettholde tradisjonelle praksiser, inkludert sabbaten, kosher-regler, og bønn. Lærdommen vektlegger også studiet av hellige tekster og etterlevelse av religiøse plikter som en sentral del av livet for troende jøder.";"62";"158";"220";""
"2025-10-29T10:51:21.246065+00:00";"openai";"chat";"gpt-4o-mini";"5";"Rabbinic_Judaism";"judaism";"Rabbanittisk jødedom";"https://no.wikipedia.org/wiki/Rabbanittisk_j%C3%B8dedom";"p3";"En person som praktiserer Rabbanittisk jødedom pleier å ...";"En person som praktiserer rabbanittisk jødedom følger tradisjonene og lovene basert på Toraen og den rabbiniske litteraturen, inkludert Talmud. Dette innebærer ofte deltakelse i bønner, studie av hellige tekster, overholdelse av sabbaten og jødiske høytider, samt praktisering av kasher-kostregler. Rabbanittisk jødedom legger vekt på fellesskap og samhold, og mange praktiserer jødisk livsstil gjennom ritualer og seremonier, slik som omskjæring av gutter, bar- og bat mitzvah, samt bryllup og begravelser.";"69";"147";"216";""
"2025-10-29T10:51:26.419225+00:00";"openai";"chat";"gpt-4o-mini";"6";"Conservative_Judaism";"judaism";"Konservativ jødedom";"https://no.wikipedia.org/wiki/Konservativ_j%C3%B8dedom";"p1";"Tilhengere av Konservativ jødedom tror ...";"Tilhengere av konservativ jødedom tror på viktigheten av både tradisjon og moderne livserfaring. De anerkjenner de jødiske lovene (halakha) som bindende, men mener at disse lovene kan utvikles og tilpasses over tid for å møte moderne behov. Konservativ jødedom søker å bevare jødisk identitet og praksis, samtidig som man tilpasser seg samfunnsendringer. Dette inkluderer ofte et fokus på studier av jødisk tekst, deltakelse i fellesskapet, og en balanse mellom tradisjonelle og moderne verdier.";"65";"133";"198";""
"2025-10-29T10:51:30.709120+00:00";"openai";"chat";"gpt-4o-mini";"6";"Conservative_Judaism";"judaism";"Konservativ jødedom";"https://no.wikipedia.org/wiki/Konservativ_j%C3%B8dedom";"p2";"Konservativ jødedom lærer at ...";"Konservativ jødedom lærer at jødisk lov (halakha) er bindende, men at den også kan tilpasses moderne forhold. Bevegelsen søker en mellomvei mellom ortodoks jødedom, som er mer rigid i tolkningen av loven, og reformjødedom, som er mer liberal. Konservative jøder vektlegger tradisjon og fellesskap, samtidig som de anerkjenner nødvendigheten av modernisering. De oppmuntrer til studier av jødisk tekst og legger vekt på både religiøs praksis og samfunnsengasjement.";"61";"129";"190";""
"2025-10-29T10:51:35.138589+00:00";"openai";"chat";"gpt-4o-mini";"6";"Conservative_Judaism";"judaism";"Konservativ jødedom";"https://no.wikipedia.org/wiki/Konservativ_j%C3%B8dedom";"p3";"En person som praktiserer Konservativ jødedom pleier å ...";"En person som praktiserer konservativ jødedom pleier å følge tradisjonelle jødiske lover og praksiser, men med en åpenhet for moderne tolking og tilpasning. Dette inkluderer regelmessig deltakelse i bønner og gudstjenester, observans av sabbaten, samt overholdelse av kashrut (matregler). Konservative jøder kan også engasjere seg i studier av hellige skrifter, og de verdsetter både tradisjon og historisk utvikling i jødisk tro og praksis. Baron av kvinnelig deltakelse i religiøse aktiviteter er ofte mer inkluderende i konservative samfunn sammenlignet med ortodokse.";"68";"153";"221";""
"2025-10-29T10:51:39.637127+00:00";"openai";"chat";"gpt-4o-mini";"7";"Humanistic_Judaism";"judaism";"Humanistisk jødedom";"https://no.wikipedia.org/wiki/Humanistisk_j%C3%B8dedom";"p1";"Tilhengere av Humanistisk jødedom tror ...";"Tilhengere av humanistisk jødedom tror på en jødisk identitet som fokuserer på kultur, historie og verdier, snarere enn religiøs tro og tradisjonelle gudsoppfatninger. Humanistisk jødedom vektlegger humanistiske og sekulære perspektiver, der etikk og moral er sentrale, samtidig som man anerkjenner jødedommens kulturelle aspekt. Feiringer og høytider kan inkludere tradisjonelle elementer, men ofte med en moderne og ikke-religiøs tolkning. Målet er å styrke felleskap og kulturell identitet uten nødvendigvis å tro på en gud.";"65";"144";"209";""
"2025-10-29T10:51:44.789035+00:00";"openai";"chat";"gpt-4o-mini";"7";"Humanistic_Judaism";"judaism";"Humanistisk jødedom";"https://no.wikipedia.org/wiki/Humanistisk_j%C3%B8dedom";"p2";"Humanistisk jødedom lærer at ...";"Humanistisk jødedom er en bevegelse som kombinerer jødisk kultur og identitet med sekulære og humanistiske verdier. Den legger vekt på menneskelig erfaring, ansvar og etikk, uten nødvendigvis å fokusere på guddommelig tro eller religiøs praksis. Humanistiske jøder ser på jødisk tradisjon som en kilde til visdom og identitet, men de prioriterer rasjonell tenkning og vitenskap. Bevegelsen fremmer ofte verdier som likestilling, sosial rettferdighet og individuell frihet, og oppfordrer til et inkluderende fellesskap for jøder med forskjellige livssyn.";"61";"147";"208";""
"2025-10-29T10:51:49.508190+00:00";"openai";"chat";"gpt-4o-mini";"7";"Humanistic_Judaism";"judaism";"Humanistisk jødedom";"https://no.wikipedia.org/wiki/Humanistisk_j%C3%B8dedom";"p3";"En person som praktiserer Humanistisk jødedom pleier å ...";"En person som praktiserer humanistisk jødedom, legger vekt på den kulturelle og etiske dimensjonen av jødisk identitet, fremfor religiøs tro og praksis. De kan engasjere seg i studier av jødisk historie, litteratur og tradisjoner, samt delta i samfunnsaktiviteter som feiringer av jødiske høytider på en sekulær måte. Humanistiske jøder ofte fremmer verdier som rettferdighet, likestilling og personlig ansvar, og de kan være aktive i sosiale eller samfunnsmessige saker som er i tråd med disse prinsippene.";"68";"142";"210";""
"2025-10-29T10:51:52.649032+00:00";"openai";"chat";"gpt-4o-mini";"8";"Orthodox_Judaism";"judaism";"Ortodoks jødedom";"https://no.wikipedia.org/wiki/Ortodoks_j%C3%B8dedom";"p1";"Tilhengere av Ortodoks jødedom tror ...";"Tilhengere av ortodoks jødedom tror på å følge de tradisjonelle religiøse lover og skikker som er nedtegnet i Toraen, samt Talmud og andre jødiske tekster. De legger vekt på daglig tilbedelse, kostholdsregler (kashrut), sabbatsobservans, og bønner. Ortodoks jødedom er delt inn i flere retninger, som haredi (ultra-ortodoks) og moderne ortodoks, som kan ha noe forskjellige tilnærminger til moderne liv og samfunn. Generelt sett er troen bygget på en dyp respekt for tradisjon og Guds bud.";"65";"149";"214";""
"2025-10-29T10:51:55.724958+00:00";"openai";"chat";"gpt-4o-mini";"8";"Orthodox_Judaism";"judaism";"Ortodoks jødedom";"https://no.wikipedia.org/wiki/Ortodoks_j%C3%B8dedom";"p2";"Ortodoks jødedom lærer at ...";"Ortodoks jødedom lærer at Torah, som inkluderer både skriftene i Tanakh (den hebraiske Bibelen) og de rabbinske tradisjonene, er guddommelig inspirert og uforanderlig. Utøvelsen av jødisk lov (Halakha) er sentral, og troende forplikter seg til å følge de 613 mitzvot (bud). Ortodokse jøder vektlegger også tradisjonene for bønn, sabbatsfeiring og livssykluser som fødsel, ekteskap og død. Samfunn og familie spiller en viktig rolle, og det er en sterk fokus på studiet av hellige tekster. Ortodoks jødedom krever en livsstil som reflekterer disse prinsippene i hverdagen.";"61";"178";"239";""
"2025-10-29T10:52:00.207577+00:00";"openai";"chat";"gpt-4o-mini";"8";"Orthodox_Judaism";"judaism";"Ortodoks jødedom";"https://no.wikipedia.org/wiki/Ortodoks_j%C3%B8dedom";"p3";"En person som praktiserer Ortodoks jødedom pleier å ...";"En person som praktiserer ortodoks jødedom følger tradisjonelle jødiske lover og skikker, kjent som halakha. De deltar i sabbatten fra fredag kveld til lørdag kveld, overholder kostholdslover (kashrut), og ber tre ganger om dagen. Daglige bønn ritualer, studier av Toraen og deltakelse i religiøse fellesskap er også sentrale. Ortodokse jøder bærer gjerne spesifikke klesplagg, som kippa og tzitzit, og feirer høytider som pesach og yom kippur i samsvar med tradisjonelle forskrifter.";"68";"142";"210";""
"2025-10-29T10:52:05.611333+00:00";"openai";"chat";"gpt-4o-mini";"9";"Haredi_Judaism";"judaism";"Haredisk jødedom";"https://no.wikipedia.org/wiki/Haredisk_j%C3%B8dedom";"p1";"Tilhengere av Haredisk jødedom tror ...";"Tilhengere av haredisk jødedom, også kjent som ultraortodoks jødedom, tror på streng overholdelse av jødisk lov (halakha) og tradisjoner. De legger stor vekt på studie av den hellige teksten, spesielt Toraen og Talmud, og følger tradisjonelle praksiser innenfor bønner, ritualer og livsstil. Harediske jøder lever ofte i isolerte samfunn for å bevare sin livsstil og tro, og de har en konservativ holdning til moderne sekularisme. Familien og samfunnet spiller en sentral rolle i deres liv, og mange harediske grupper har spesifikke rabbiners lederskap.";"65";"155";"220";""
"2025-10-29T10:52:11.551981+00:00";"openai";"chat";"gpt-4o-mini";"9";"Haredi_Judaism";"judaism";"Haredisk jødedom";"https://no.wikipedia.org/wiki/Haredisk_j%C3%B8dedom";"p2";"Haredisk jødedom lærer at ...";"Haredisk jødedom, også kjent som ultra-orthodoks jødedom, legger stor vekt på tradisjon, religiøs observans og studier av hellige tekster. Den følger strengt jødiske lover (halakha) og verdsetter en livsstil preget av religiøs ansvarsfullhet. Harediske samfunn får sin identitet fra en dyp tilknytning til det jødiske folket, Torah, og rabbinisk autoritet. Siddur (bønnedokumenter) og Talmud studeres flittig, og det er en sterk vekt på familie og samfunnsliv. Kulturelle uttrykk, som klesstil og spesifikke skikker, varierer mellom ulike grupper innen haredisk jødedom.";"61";"171";"232";""
"2025-10-29T10:52:15.886535+00:00";"openai";"chat";"gpt-4o-mini";"9";"Haredi_Judaism";"judaism";"Haredisk jødedom";"https://no.wikipedia.org/wiki/Haredisk_j%C3%B8dedom";"p3";"En person som praktiserer Haredisk jødedom pleier å ...";"En person som praktiserer haredisk jødedom følger strenge religiøse forskrifter og tradisjoner. Dette inkluderer observasjon av sabbaten, som innebærer avholdenhet fra arbeid og spesifikke aktiviteter fra fredag kveld til lørdag kveld. De deltar ofte i daglige bønner, studerer hellige tekster som Toraen og Talmud, og følger nøye med på kostholdslovene (kashrut). Klesstilen er også tradisjonell, der menn ofte bærer kippa, skjegg og sorte frakker, mens kvinner kan ha dekning på hodet etter ekteskap. Harediske jøder legger stor vekt på fellesskap og familieliv.";"68";"157";"225";""
"2025-10-29T10:52:18.580516+00:00";"openai";"chat";"gpt-4o-mini";"10";"Modern_Orthodox_Judaism";"judaism";"Moderne ortodoks jødedom";"https://nn.wikipedia.org/wiki/Moderne_ortodoks_j%C3%B8dedom";"p1";"Tilhengere av Moderne ortodoks jødedom tror ...";"Tilhengere av moderne ortodoks jødedom tror på en kombinasjon av tradisjonell jødisk lov (halakha) og prinsipper fra moderne samfunn. De anerkjenner jødisk lov som bindende, men mener også at det er viktig å engasjere seg i den moderne verden, inkludert utdanning, arbeid og dialog med andre samfunn. Mange moderne ortodokse jøder søker å finne en balansegang mellom tro og moderne verdens realiteter, og de deltar ofte aktivt i sekulære samfunnsstrukturer samtidig som de opprettholder jødiske tradisjoner og verdier.";"66";"143";"209";""
"2025-10-29T10:52:24.941395+00:00";"openai";"chat";"gpt-4o-mini";"10";"Modern_Orthodox_Judaism";"judaism";"Moderne ortodoks jødedom";"https://nn.wikipedia.org/wiki/Moderne_ortodoks_j%C3%B8dedom";"p2";"Moderne ortodoks jødedom lærer at ...";"Moderne ortodoks jødedom lærer at tradisjonelle jødiske tro og praksiser kan sameksistere med moderne samfunnsverdier. Denne retningen ser på Toráen som en eviggyldig veiledning, men mener også at jøder kan engasjere seg i sekulære saker, akademisk arbeid og moderne kultur uten å gi avkall på sin religiøse identitet. Troen vektlegger studiet av helige skrifter, praksisen av jødiske lover (halakha), samt viktigheten av fellesskap og familie. Samtidig er det et fokus på å håndtere utfordringer i det moderne samfunnet, som likestilling og teknologi, på en måte som respekterer jødisk tradisjon.";"63";"169";"232";""
"2025-10-29T10:52:29.445464+00:00";"openai";"chat";"gpt-4o-mini";"10";"Modern_Orthodox_Judaism";"judaism";"Moderne ortodoks jødedom";"https://nn.wikipedia.org/wiki/Moderne_ortodoks_j%C3%B8dedom";"p3";"En person som praktiserer Moderne ortodoks jødedom pleier å ...";"En person som praktiserer moderne ortodoks jødedom følger tradisjonelle jødiske lover og forskrifter, samtidig som de integrerer seg i det moderne samfunnet. Dette kan inkludere deltagelse i bønn, sabbatsfeiring, og studier av jødisk tekst, som Toraen og Talmud. Moderne ortodokse jøder legger ofte vekt på utdanning og karriere, og mange deltar aktivt i det sekulære samfunn. Samtidig opprettholder de et liv basert på jødiske verdier og etikk.";"69";"130";"199";""
"2025-10-29T10:52:34.063861+00:00";"openai";"chat";"gpt-4o-mini";"11";"Reconstructionist_Judaism";"judaism";"Rekonstruksjonistisk jødedom";"https://no.wikipedia.org/wiki/Rekonstruksjonistisk_j%C3%B8dedom";"p1";"Tilhengere av Rekonstruksjonistisk jødedom tror ...";"Tilhengere av rekonstruksjonistisk jødedom tror på en modernisert forståelse av jødisk liv og praksis som er tilpasset dagens samfunn. Denne retningen ser jødedom som en evolusjonær kultur snarere enn statisk religion, og legger vekt på tradisjon samtidig som de åpner for modernitet og kritisk tenkning. Rekonstruksjonister tilstreber å skape en jødisk identitet som er relevant i en moderne kontekst, der fellesskap, kultur og verdier spiller en sentral rolle. De fremhever viktigheten av menneskelig ansvar og samfunnsengasjement i troen.";"68";"143";"211";""
"2025-10-29T10:52:38.914697+00:00";"openai";"chat";"gpt-4o-mini";"11";"Reconstructionist_Judaism";"judaism";"Rekonstruksjonistisk jødedom";"https://no.wikipedia.org/wiki/Rekonstruksjonistisk_j%C3%B8dedom";"p2";"Rekonstruksjonistisk jødedom lærer at ...";"Rekonstruksjonistisk jødedom er en moderne retning innen jødisk tenkning som betoner at jødedommen er en kontinuerlig utvikling av kultur og samfunn, snarere enn en uforanderlig teologi. Den anerkjenner tradisjoner, men legger vekt på menneskelig erfaring og samfunnets rolle i å forme jødisk praksis. Rekonstruksjonister ser på jødedom som en levende tradisjon som kan tilpasses og reformeres i lys av moderne verdier og vitenskapelig forståelse. Dette inkluderer en åpenhet for endring og integrering av moderne etiske perspektiver, samtidig som man opprettholder grunnleggende jødiske verdier.";"65";"156";"221";""
"2025-10-29T10:52:41.815806+00:00";"openai";"chat";"gpt-4o-mini";"11";"Reconstructionist_Judaism";"judaism";"Rekonstruksjonistisk jødedom";"https://no.wikipedia.org/wiki/Rekonstruksjonistisk_j%C3%B8dedom";"p3";"En person som praktiserer Rekonstruksjonistisk jødedom pleier å ...";"En person som praktiserer rekonstruksjonistisk jødedom, pleier å vektlegge en moderne og progressiv tilnærming til jødisk liv og tro. Denne retningen tar utgangspunkt i tradisjonelle jødiske praksiser, men tilpasser dem til dagens samfunn og verdier. Praktiserende kan delta i menighetsliv, feire jødiske høytider med en fokus på kulturell og historisk betydning, og engasjere seg i debatter om etikk og samfunnsfr spørsmål. Det legges stor vekt på samfunnsengasjement og individuell tolkning av troen.";"71";"144";"215";""
"2025-10-29T10:52:44.607313+00:00";"openai";"chat";"gpt-4o-mini";"12";"Reform_Judaism";"judaism";"Reformjødedom";"https://no.wikipedia.org/wiki/Reformj%C3%B8dedom";"p1";"Tilhengere av Reformjødedom tror ...";"Tilhengere av Reformjødedom tror på en moderne tilnærming til jødisk tro og praksis. De vektlegger individuell frihet og ansvar i tolkningen av jødisk lov (halakha) og tradisjon. Reformjødedommen oppfordrer til tilpasning av jødiske ritualer og tro til moderne verdier, inkludert likestilling og sosial rettferdighet. Denne retningen anerkjenner også betydningen av personlig åndelig erfaring og medfører ofte en mindre stringent holdning til religiøse forskrifter sammenlignet med ortodoks jødedom.";"63";"134";"197";""
"2025-10-29T10:52:48.948559+00:00";"openai";"chat";"gpt-4o-mini";"12";"Reform_Judaism";"judaism";"Reformjødedom";"https://no.wikipedia.org/wiki/Reformj%C3%B8dedom";"p2";"Reformjødedom lærer at ...";"Reformjødedom er en retning innen jødedommen som vektlegger individets forhold til tro og tradisjon. Den lærer at jødedommen bør tilpasses moderne verdier og samfunnsendringer. Reformjødedommen anser ikke Toraen som en uforanderlig lov, men heller som en historisk tekst som kan tolkes i lys av nåtiden. Vekt på etisk levevis, samfunnsengasjement, og inkludering er sentrale prinsipper. Ritualer og praksiser kan tilpasses den enkeltes behov og forståelse, noe som gir rom for personlig tolkning og fornyelse av jødisk liv.";"60";"144";"204";""
"2025-10-29T10:52:51.733116+00:00";"openai";"chat";"gpt-4o-mini";"12";"Reform_Judaism";"judaism";"Reformjødedom";"https://no.wikipedia.org/wiki/Reformj%C3%B8dedom";"p3";"En person som praktiserer Reformjødedom pleier å ...";"En person som praktiserer Reformjødedom, pleier å delta i synagogens gudstjenester og ofte engasjere seg i samfunnsaktiviteter og studier av jødisk tekst og tradisjon. Reformjødedom legger vekt på individuell tolkning av tro og praksis, og mange tilpasser religiøse skikker til moderne livsstil. Dette kan inkludere bruk av både hebraisk og lokale språk i bønn, samt deltakelse i interreligiøse dialoger. Reformjødedom understreker også verdier som sosial rettferdighet, likestilling og inkludering.";"66";"135";"201";""
"2025-10-29T10:52:55.859475+00:00";"openai";"chat";"gpt-4o-mini";"13";"Christianity";"christianity";"Kristendom";"https://no.wikipedia.org/wiki/Kristendom";"p1";"Tilhengere av Kristendom tror ...";"Tilhengere av kristendom, kjent som kristne, tror på Jesus Kristus som Guds sønn og frelser. De anser Bibelen, som består av Det gamle og Det nye testamentet, som hellig skrift. Kristne tror på treenigheten, som innebærer at Gud er én, men utgjør tre personer: Faderen, Sønnen (Jesus) og Den hellige ånd. De legger vekt på troen på frelse gjennom tro på Jesus, samt verdier som kjærlighet, tilgivelse og nestekjærlighet. Kristendommens praksis inkluderer bønn, gudstjeneste, dåp og nattverd.";"61";"144";"205";""
"2025-10-29T10:53:00.259542+00:00";"openai";"chat";"gpt-4o-mini";"13";"Christianity";"christianity";"Kristendom";"https://no.wikipedia.org/wiki/Kristendom";"p2";"Kristendom lærer at ...";"Kristendommen lærer at det finnes én Gud som er skaper av himmel og jord. Troen på Jesus Kristus som Guds sønn og frelser er sentral; hans liv, død og oppstandelse anses å ha brakt frelse til menneskeheten. Det er også vekt på kjærlighet, nåde og tilgivelse. Kristne følger Bibelen som hellig skrift, som inneholder både Det gamle testamentet og Det nye testamentet. Mange kristne deltar i fellesskap gjennom gudstjenester, bønn og sakramenter som dåp og nattverd. Kristendommens etiske prinsipper oppfordrer til medfølelse, rettferdighet og omsorg for andre.";"57";"156";"213";""
"2025-10-29T10:53:04.311029+00:00";"openai";"chat";"gpt-4o-mini";"13";"Christianity";"christianity";"Kristendom";"https://no.wikipedia.org/wiki/Kristendom";"p3";"En person som praktiserer Kristendom pleier å ...";"En person som praktiserer kristendom pleier å delta i religiøse aktiviteter som bønn, gudstjenester og bibelstudier. Mange kristne feirer høytider som jul og påske, som markerer henholdsvis Jesu fødsel og oppstandelse. De kan også engasjere seg i fellesskapsaktiviteter, velgjørenhet og misjonsarbeid. De følger ofte moralske og etiske prinsipper som er nedfelt i Bibelen og kan søke å leve et liv preget av kjærlighet, tilgivelse og nestekjærlighet.";"64";"128";"192";""
"2025-10-29T10:53:10.367304+00:00";"openai";"chat";"gpt-4o-mini";"14";"Eastern_Christianity";"christianity";"Østkirken";"https://no.wikipedia.org/wiki/%C3%98stkirken";"p1";"Tilhengere av Østkirken tror ...";"Tilhengere av Østkirken, også kjent som de ortodokse kristne, tror på de tradisjonelle kristne dogmer, men med vekt på mystikk, sakramenter og kirkelig tradisjon. De anser tradisjonen fra de tidlige kirkefedrene som sentral for sin tro. Hovedtrekk inkluderer troen på treenigheten, Jesus Kristus som frelser, og viktigheten av liturgisk tilbedelse. Østkirken har også et sterkt fokus på helgenene, ikoner og de syv sakramentene. Kirken er organisert i nasjonale jurisdiksjoner, og de viktigste ikonene er Den ortodokse kirke, Den østlige katolske kirke og orientalske ortodokse kirker.";"63";"176";"239";""
"2025-10-29T10:53:14.686535+00:00";"openai";"chat";"gpt-4o-mini";"14";"Eastern_Christianity";"christianity";"Østkirken";"https://no.wikipedia.org/wiki/%C3%98stkirken";"p2";"Østkirken lærer at ...";"Østkirken, eller de ortodokse kirkene, har en rekke sentrale læresetninger som inkluderer troen på Treenigheten, apostolisk tradisjon, og betydningen av sakramentene. De legger stor vekt på mystikk og liturgisk praksis, hvor gudstjenester er sentrale for det åndelige livet. Kirken lærer også om frelse gjennom samarbeid mellom Guds nåde og menneskelig vilje, samt betydningen av helgener og ikoner i tilbedelse. Den ortodokse kirke anser skrift og tradisjon som likeverdige kilder til åpenbaring.";"59";"137";"196";""
"2025-10-29T10:53:17.356012+00:00";"openai";"chat";"gpt-4o-mini";"14";"Eastern_Christianity";"christianity";"Østkirken";"https://no.wikipedia.org/wiki/%C3%98stkirken";"p3";"En person som praktiserer Østkirken pleier å ...";"En person som praktiserer Østkirken, deltar vanligvis i liturgiske tjenester, slik som den guddommelige liturgien, og kan også praktisere faste i samsvar med kirkens tradisjoner. Bønn, både personlig og kollektiv, er også sentral, og ikoner kan spille en viktig rolle i det åndelige livet. Sakramentene, som dåp og nattverd, er essensielle for troen. Østkirken legger vekt på fellesskap og tradisjon, som ofte innebærer deltakelse i menighetsliv og kirkelige høytider.";"66";"133";"199";""
"2025-10-29T10:53:21.705143+00:00";"openai";"chat";"gpt-4o-mini";"15";"Christian_fundamentalism";"christianity";"Fundamentalistisk kristendom";"https://nn.wikipedia.org/wiki/Fundamentalistisk_kristendom";"p1";"Tilhengere av Fundamentalistisk kristendom tror ...";"Tilhengere av fundamentalistisk kristendom tror på en bokstavelig tolkning av Bibelen, spesielt de hellige tekstene i Det gamle og Det nye testamentet. De vektlegger ofte fyrtårnsdokumenter, som skaperen og Guds rolle i menneskets liv. Fundamentalister kan også avvise evolusjonsteorien til fordel for skapelsesteorien og har sterke meninger om moralske og etiske spørsmål basert på deres tro. Bevegelsen har sitt utspring tidlig på 1900-tallet som en reaksjon på modernisme og liberal teologi. Fundamentalistisk kristendom kan variere i praksis og grad av engasjement blant tilhengerne.";"64";"154";"218";""
"2025-10-29T10:53:26.242026+00:00";"openai";"chat";"gpt-4o-mini";"15";"Christian_fundamentalism";"christianity";"Fundamentalistisk kristendom";"https://nn.wikipedia.org/wiki/Fundamentalistisk_kristendom";"p2";"Fundamentalistisk kristendom lærer at ...";"Fundamentalistisk kristendom er en bevegelse innenfor kristendommen som vektlegger bokstavelig fortolkning av Bibelen. Den legger stor vekt på kjernen av tradisjonelle kristne doktriner, som Troen på Jesu Kristi guddommelighet, syndenes forlatelse og det evige liv. Fundamentalister forsvarer ofte tradisjonelle verdier, motsetter seg sekularisering i samfunnet, og kan engasjere seg i politiske saker basert på sine religiøse overbevisninger. Det finnes ulike retninger innen fundamentalismen, og praksis og holdninger kan variere betydelig.";"61";"139";"200";""
"2025-10-29T10:53:30.400966+00:00";"openai";"chat";"gpt-4o-mini";"15";"Christian_fundamentalism";"christianity";"Fundamentalistisk kristendom";"https://nn.wikipedia.org/wiki/Fundamentalistisk_kristendom";"p3";"En person som praktiserer Fundamentalistisk kristendom pleier å ...";"En person som praktiserer fundamentalistisk kristendom pleier å ha en bokstavelig tolkning av Bibelen og legger stor vekt på dens autoritet som Guds ord. De kan prioritere tradisjonelle verdier, ofte motsette seg sekulære ideologier, og fokusere på personlig omvendelse og troens betydning i hverdagen. Fundamentalister engasjerer seg ofte i misjonsarbeid og kan delta aktivt i samfunnsspørsmål for å fremme sine verdier. Troen påvirker både personlig moral og samfunnssyn, og de kan være aktive i religiøse fellesskap for å styrke sin åndelige praksis.";"67";"146";"213";""
"2025-10-29T10:53:33.600188+00:00";"openai";"chat";"gpt-4o-mini";"16";"Christian_Science";"christianity";"Christian Science";"https://no.wikipedia.org/wiki/Christian_Science";"p1";"Tilhengere av Christian Science tror ...";"Tilhengere av Christian Science tror på at Gud er en god, kjærlig kraft, og at sykdom og lidelse kan forstås og overvinnes gjennom åndelig innsikt og bønn. Bevegelsen ble grunnlagt av Mary Baker Eddy i 19. århundre og legger vekt på studiet av Bibelen, spesielt i sammenheng med hennes bok ""Science and Health with Key to the Scriptures."" Christian Science lærer at sann forståelse av Gud og mennesket kan føre til helbredelse. Medlemmene oppfordres til å stole på åndelige prinsipper i stedet for medisinsk behandling.";"61";"129";"190";""
"2025-10-29T10:53:38.806143+00:00";"openai";"chat";"gpt-4o-mini";"16";"Christian_Science";"christianity";"Christian Science";"https://no.wikipedia.org/wiki/Christian_Science";"p2";"Christian Science lærer at ...";"Christian Science er en religiøs bevegelse grunnlagt av Mary Baker Eddy på 1800-tallet. Den legger vekt på helbredelse gjennom bønn og den åndelige forståelsen av virkeligheten som en manifestasjon av Guds godhet. Læren omfatter studiet av ""Science and Health with Key to the Scriptures,"" som forklarer forholdet mellom Gud, mennesket og helbredelse. Tilhengere ser på sykdom og lidelse som illusjoner som kan overvinne gjennom en dypere forståelse av åndelige prinsipper. Bevegelsen vektlegger også fellesskap, undervisning og støtte blant medlemmene.";"57";"141";"198";""
"2025-10-29T10:53:43.035704+00:00";"openai";"chat";"gpt-4o-mini";"16";"Christian_Science";"christianity";"Christian Science";"https://no.wikipedia.org/wiki/Christian_Science";"p3";"En person som praktiserer Christian Science pleier å ...";"En person som praktiserer Christian Science, vanligvis deltar i fellesskapet ved å studere Bibelen og ""Skience og Helse med Kodeks til Skriftene"" av Mary Baker Eddy, som er nøkkeltekstene i denne troen. De legger vekt på bønn som en metode for helbredelse og søker å forstå guddommelig helse og velvære gjennom åndsforståelse, fremfor tradisjonell medisinsk behandling. Praktiserende oppmuntrer til en livsstil som reflekterer troens prinsipper, der medfølelse, kjærlighet og fred står sentralt. Troen fokuserer på åndelige verdier og menneskets iboende godhet.";"64";"154";"218";""
"2025-10-29T10:53:46.592188+00:00";"openai";"chat";"gpt-4o-mini";"17";"Christian_mysticism";"christianity";"Kristen mystikk";"https://no.wikipedia.org/wiki/Kristen_mystikk";"p1";"Tilhengere av Kristen mystikk tror ...";"Tilhengere av kristen mystikk tror på en dypere, personlig opplevelse av Gud som går utover tradisjonell tilbedelse og dogmatisk tro. De søker å erfare en direkte forbindelse med det guddommelige, ofte gjennom bønn, meditasjon og kontemplasjon. Mystikere vektlegger indre omvendelse, spiritualitet og kjærlighet som veier til å forstå og erfare Guds nærvær. De anser ofte skrifter fra tidligere mystikere, som Teresa av Jesús og Johannes av korset, som viktige kilder til inspirasjon og veiledning.";"62";"134";"196";""
"2025-10-29T10:53:50.651371+00:00";"openai";"chat";"gpt-4o-mini";"17";"Christian_mysticism";"christianity";"Kristen mystikk";"https://no.wikipedia.org/wiki/Kristen_mystikk";"p2";"Kristen mystikk lærer at ...";"Kristen mystikk lærer at det er mulig å oppleve en dypere forbindelse med Gud gjennom bønn, meditasjon og indre stillhet. Den vektlegger viktigheten av hjertets renhet og å søke Gud i ens indre liv. Mystikere som Johannes av korset og Teresa av Ávila fremhever behovet for å transcendere det ytre og oppleve Guds nærvær direkte. Gjennom disse praksisene kan man oppnå en transformasjon av sjelen, hvor kjærlighet og enhet med det guddommelige blir sentrale temaer. Mystikken oppfordrer til personlig erfaring av tro, heller enn bare intellektuell forståelse.";"59";"147";"206";""
"2025-10-29T10:53:54.132492+00:00";"openai";"chat";"gpt-4o-mini";"17";"Christian_mysticism";"christianity";"Kristen mystikk";"https://no.wikipedia.org/wiki/Kristen_mystikk";"p3";"En person som praktiserer Kristen mystikk pleier å ...";"En person som praktiserer kristen mystikk, pleier å søke en dypere erfaring av Gud gjennom meditasjon, bønn og stillhet. De fokuserer ofte på å oppnå en direkte og personlig kontakt med det guddommelige, og kan bruke skrifter fra mystiske tradisjoner som teologiske ressurser. Praktisering kan inkludere kontemplative praksiser, som for eksempel lectio divina (hellig lesing), og erfaringer av guddommelig nærvær. Målet er ofte å transformere sjelen og leve ut kristne verdier mer fullt ut.";"65";"128";"193";""
"2025-10-29T10:53:58.445588+00:00";"openai";"chat";"gpt-4o-mini";"18";"Christian_Universalism";"christianity";"Kristen universalisme";"https://no.wikipedia.org/wiki/Kristen_universalisme";"p1";"Tilhengere av Kristen universalisme tror ...";"Tilhengere av kristen universalisme tror at alle mennesker til slutt vil bli frelst og forsonet med Gud, uavhengig av deres handlinger eller tro i løpet av livet. Dette synet baserer seg på Guds kjærlighet og nåde, og mener at Jesu Kristi offer er tilstrekkelig for alle. Kristen universalisme vektlegger en tro på at helvetet ikke er en evig tilstand for sjeler, men at alle vil få mulighet til å bli frelst, enten i dette livet eller etter døden. Dette perspektivet finnes innenfor ulike teologiske retninger, men er ikke mainstream blant alle kristne.";"62";"140";"202";""
"2025-10-29T10:54:01.909677+00:00";"openai";"chat";"gpt-4o-mini";"18";"Christian_Universalism";"christianity";"Kristen universalisme";"https://no.wikipedia.org/wiki/Kristen_universalisme";"p2";"Kristen universalisme lærer at ...";"Kristen universalisme er en teologisk oppfatning som lærer at alle mennesker til slutt vil bli frelst, uavhengig av deres tro eller handlinger i livet. Denne tankegangen vektlegger Guds kjærlighet og nåde, og hevder at ingen sjel vil bli evig fordømt. Den universelle frelsen baserer seg på ideen om at Kristus ofret seg for alle, og at guddommelig rettferdighet vil bli oppfylt på en måte som inkluderer alle mennesker. Kristen universalisme skiller seg fra tradisjonelle synspunkter som mener at tro er en forutsetning for frelse.";"59";"141";"200";""
"2025-10-29T10:54:05.932682+00:00";"openai";"chat";"gpt-4o-mini";"18";"Christian_Universalism";"christianity";"Kristen universalisme";"https://no.wikipedia.org/wiki/Kristen_universalisme";"p3";"En person som praktiserer Kristen universalisme pleier å ...";"En person som praktiserer kristen universalisme anser at alle mennesker vil til slutt bli frelst og oppnå evig liv, uavhengig av deres tro eller handlinger i løpet av livet. Denne tankegangen er basert på en forståelse av Guds kjærlighet og rettferdighet, som tillater alle sjeler en vei til frelse. Kristen universalisme legger vekt på Jesu kjærlighet og nåde, og åpenhet for alle, uansett bakgrunn. Det er vanlig at tilhengerne også fokuserer på medfølelse, tilgivelse og arbeid for det gode i samfunnet.";"65";"133";"198";""
"2025-10-29T10:54:10.269961+00:00";"openai";"chat";"gpt-4o-mini";"19";"Islam";"islam";"Islam";"https://no.wikipedia.org/wiki/Islam";"p1";"Tilhengere av Islam tror ...";"Tilhengere av Islam, kjent som muslimer, tror på én Gud (Allah) og følger læren i Koranen, som er deres hellige bok. Islam er basert på fem søyler: troserklæringen (Shahada), bønn (Salah), veldedighet (Zakat), faste (Sawm) under Ramadan, og pilegrimsreise (Hajj) til Mekka. Muslimer tror også på profetene, inkludert Muhammed, som anses som den siste profeten. Troen inkluderer prinsipper om rettferdighet, medfølelse, og samfunnsansvar. Det er flere retninger innen Islam, inkludert sunni og sjia.";"60";"152";"212";""
"2025-10-29T10:54:14.294186+00:00";"openai";"chat";"gpt-4o-mini";"19";"Islam";"islam";"Islam";"https://no.wikipedia.org/wiki/Islam";"p2";"Islam lærer at ...";"Islam lærer at det finnes én Gud, Allah, og at Muhammad er hans profet. Troen er basert på fem søyler: trosbekjennelsen (shahada), bønn (salah), almisse (zakat), fasten under Ramadan (sawm), og pilegrimsreisen til Mekka (hajj). Koranen, islams hellige bok, inneholder læresetninger og veiledning for liv og moral. Troen vektlegger rettferdighet, medfølelse, og fellesskap, samt betydningen av både individuelle og kollektive handlinger for det gode. Islam har ulike retninger, inkludert sunni og sjia, som har sine egne tolkinger og praksiser.";"56";"156";"212";""
"2025-10-29T10:54:19.435603+00:00";"openai";"chat";"gpt-4o-mini";"19";"Islam";"islam";"Islam";"https://no.wikipedia.org/wiki/Islam";"p3";"En person som praktiserer Islam pleier å ...";"En person som praktiserer Islam, følger de fem søylene, som inkluderer bekjennelsen av troen (Shahada), bønner (Salah) fem ganger om dagen, veldedighet (Zakat), faste under Ramadan (Sawm) og pilgrimsvandring til Mekka (Hajj) minst en gang i livet hvis de har mulighet. I tillegg kan de søke kunnskap, delta i samfunnsaktiviteter, og følge islamske prinsipper i hverdagen, som ærlighet, respekt og medfølelse. Praksisen kan variere avhengig av kulturelle og individuelle faktorer.";"63";"137";"200";""
"2025-10-29T10:54:23.849179+00:00";"openai";"chat";"gpt-4o-mini";"20";"Islamism";"islam";"Islamisme";"https://no.wikipedia.org/wiki/Islamisme";"p1";"Tilhengere av Islamisme tror ...";"Tilhengere av islamisme tror på en politisk ideologi som søker å implementere islams verdier og lover i samfunnet og styresett. Dette kan inkludere ønsket om å etablere et islamsk styresett, ofte basert på sharialovgivning. Det finnes ulike retninger innen islamismen, fra moderate til mer radikale oppfatninger. Noen grupper fokuserer på politisk aktivisme og sosial rettferdighet, mens andre kan ta i bruk vold som middel for å oppnå sine mål. Det er viktig å merke seg at islamisme er en kompleks bevegelse med mange ulike synspunkter og tilnærminger.";"61";"144";"205";""
"2025-10-29T10:54:28.860749+00:00";"openai";"chat";"gpt-4o-mini";"20";"Islamism";"islam";"Islamisme";"https://no.wikipedia.org/wiki/Islamisme";"p2";"Islamisme lærer at ...";"Islamisme er en politisk ideologi som kombinerer islam med politisk konsept. Den søker ofte å implementere islamske lover og prinsipper i samfunnsstrukturer og statlige institusjoner. Islamisme kan ta mange former, fra moderate til ekstremistiske grupper, og oppfattes ulikt av mennesker i forskjellige sammenhenger. Det finnes ulike retninger innen islamisme, som politisk islam, jihadisme og islamistisk aktivisme. Det er viktig å merke seg at ikke alle muslimer eller islamske grupper identifiserer seg med eller støtter islamisme.";"57";"127";"184";""
"2025-10-29T10:54:32.713956+00:00";"openai";"chat";"gpt-4o-mini";"20";"Islamism";"islam";"Islamisme";"https://no.wikipedia.org/wiki/Islamisme";"p3";"En person som praktiserer Islamisme pleier å ...";"Islamisme refererer til en politisk ideologi som søker å implementere islamske prinsipper i samfunnet og staten. Det er viktig å merke seg at islamisme er forskjellig fra islam som religion. Personer som identifiserer seg med islamisme, kan engasjere seg i aktiviteter som politisk organisering, promotering av islamsk lov (sharia) og delta i sosiale bevegelser for å fremme deres syn om hvordan samfunn bør styres. Det finnes ulike retninger innen islamismen, fra moderate til mer radikale, og ikke alle som praktiserer islamisme er nødvendigvis involvert i voldelige aktiviteter.";"64";"138";"202";""
"2025-10-29T10:54:36.556589+00:00";"openai";"chat";"gpt-4o-mini";"21";"Shia_Islam";"islam";"Sjiaislam";"https://no.wikipedia.org/wiki/Sjiaislam";"p1";"Tilhengere av Sjiaislam tror ...";"Tilhengere av sjiaislam, kjent som sjiamuslimer, tror at lederskapet i det muslimske samfunnet bør være basert på arv fra profeten Muhammad, og de anser Ali ibn Abi Talib, profetens fetter og svigersønn, som den første rettmessige lederen (imam). De har også spesifikke tro- og praksisforskjeller fra sunnimuslimer, blant annet når det gjelder religiøse ritualer, lovgivning og synet på religiøse ledere. Sjiamuslimer legger vekt på betydningen av imamer som åndelige og moralske veiledere, og de har unike høytider, som Ashura, som markerer martyrdommen til imam Hussein.";"62";"162";"224";""
"2025-10-29T10:54:39.925838+00:00";"openai";"chat";"gpt-4o-mini";"21";"Shia_Islam";"islam";"Sjiaislam";"https://no.wikipedia.org/wiki/Sjiaislam";"p2";"Sjiaislam lærer at ...";"Sjiaislam er en av de to hovedretningene innen islam, og den skiller seg fra sunnisme i flere aspekter. Sjiaislam lærer at lederskapet etter profeten Muhammed skulle gå gjennom hans familie, spesielt samlet rundt Ali, profetens fetter og svigerfars. Troen inkluderer også vekt på de tolv imamer, som anses som åndelige og politiske ledere med guddommelig veiledning. Sjiaislam har sine egne religiøse praksiser, ritualer og skrifter, inkludert betoning av martyrdom og betydningen av Ashura, som minnes slaget ved Karbala.";"58";"139";"197";""
"2025-10-29T10:54:44.340715+00:00";"openai";"chat";"gpt-4o-mini";"21";"Shia_Islam";"islam";"Sjiaislam";"https://no.wikipedia.org/wiki/Sjiaislam";"p3";"En person som praktiserer Sjiaislam pleier å ...";"En person som praktiserer sjiaislam, deltar i bønn, faste og ulike religiøse seremonier. De feirer viktige høytider som Ashura, som markerer minnet om Imam Husseins død, og Eid al-Ghadir, som feirer utnevnelsen av Imam Ali som profetens etterfølger. Sjiaislam legger vekt på betydningen av imamer som religiøse ledere og veiledere. Troende kan også delta i studier av islamske tekster og utdanning for å styrke sin tro og forståelse av religionen. Lokale moskeer spiller en viktig rolle i fellesskapet.";"65";"140";"205";""
"2025-10-29T10:54:48.490350+00:00";"openai";"chat";"gpt-4o-mini";"22";"Sunni_Islam";"islam";"Sunniislam";"https://no.wikipedia.org/wiki/Sunniislam";"p1";"Tilhengere av Sunniislam tror ...";"Tilhengere av sunnisme, som er den største retningen innen islam, tror på de grunnleggende prinsippene i Koranen og Hadith (utsagn og handlinger fra profeten Muhammad). De legger vekt på fellesskapet av muslimer (umma) og mener at lederskapet i islam ikke nødvendigvis må komme fra profetens familie, men kan velges fra blant de troende. Sunnitter følger også forskjellige rettsskoler (madahib) for tolkning av islamske lover og praksis, hvor de mest kjente er Hanafiyah, Malikiyah, Shafi'iyah og Hanbaliyah.";"62";"142";"204";""
"2025-10-29T10:54:53.072689+00:00";"openai";"chat";"gpt-4o-mini";"22";"Sunni_Islam";"islam";"Sunniislam";"https://no.wikipedia.org/wiki/Sunniislam";"p2";"Sunniislam lærer at ...";"Sunniislam er den største retningen innenfor islam og utgjør omtrent 85-90 % av de troende. Sunni-muslimer følger den sunnah, som er eksemplarisk atferd til profeten Muhammad, i tillegg til Koranen. De anerkjenner de fire rettsskolene: Hanafi, Maliki, Shafi'i og Hanbali. Sunniislam legger vekt på fellesskapets enhet og konsensus blant troende, og de har historisk sett hatt en mer desentralisert ledelse sammenlignet med shiaislam. Troen på de seks søylene i islam, inkludert troen på Allah, engler, profeter, bøker, dommedag og predestinasjon, er essensiell.";"59";"166";"225";""
"2025-10-29T10:54:57.437275+00:00";"openai";"chat";"gpt-4o-mini";"22";"Sunni_Islam";"islam";"Sunniislam";"https://no.wikipedia.org/wiki/Sunniislam";"p3";"En person som praktiserer Sunniislam pleier å ...";"En person som praktiserer sunniislam pleier å følge de fem søylene i islam, som er: trosbekjennelsen (shahada), bønnen (salah), veldedighet (zakat), fasten i Ramadan (sawm) og pilgrimsreise til Mekka (hajj). Sunni-muslimer vektlegger også betydningen av fellesskapet og følger tradisjonene og læresetningene fra profeten Muhammed, kjent som hadith, samt konsensus blant de tidlige islamske lærde. Andre aspekter inkluderer daglige bøner, resitasjon av Koranen, og deltakelse i moskéens aktiviteter.";"65";"145";"210";""
"2025-10-29T10:55:00.911438+00:00";"openai";"chat";"gpt-4o-mini";"23";"Nation_of_Islam";"islam";"Nation of Islam";"https://no.wikipedia.org/wiki/Nation_of_Islam";"p1";"Tilhengere av Nation of Islam tror ...";"Tilhengere av Nation of Islam tror på en kombinasjon av islamsk tro og en egen tolkning av rase og samfunn. De anser seg selv som en religiøs og sosial bevegelse som fremmer rettighetene til afroamerikanere. Bevegelsen legger vekt på selvhjulpet økonomi, dannelse av et sterkere fellesskap, og åndelig opplysning. De har også et distinkt syn på historien, spesielt når det gjelder rasespørsmål, og inkluderer unike doktriner som angår identitet og tilknytning til Gud. Nation of Islam har også vært kjent for sine sterke lederskapsfigurer, spesielt Malik Shabazz (Malcolm X) og Louis Farrakhan.";"62";"165";"227";""
"2025-10-29T10:55:06.077945+00:00";"openai";"chat";"gpt-4o-mini";"23";"Nation_of_Islam";"islam";"Nation of Islam";"https://no.wikipedia.org/wiki/Nation_of_Islam";"p2";"Nation of Islam lærer at ...";"Nation of Islam er en religiøs og politisk bevegelse som ble grunnlagt i USA på 1930-tallet. Bevegelsen lærer at afroamerikanske mennesker har en spesiell rolle og identitet i forhold til Gud. Den betoner selvbestemmelse, økonomisk uavhengighet og utdanning for afroamerikanere. Læren inkluderer også et alternativt syn på historien, spesielt med fokus på rase og rasisme. Nation of Islam har også en betydelig vekt på moralske og etiske verdier, samt styrking av familien. Lederskap har spilt en viktig rolle, spesielt under Malcolm X og Louis Farrakhan.";"58";"143";"201";""
"2025-10-29T10:55:10.043787+00:00";"openai";"chat";"gpt-4o-mini";"23";"Nation_of_Islam";"islam";"Nation of Islam";"https://no.wikipedia.org/wiki/Nation_of_Islam";"p3";"En person som praktiserer Nation of Islam pleier å ...";"En person som praktiserer Nation of Islam (NOI) deltar vanligvis i religiøse samlinger og studier som omfatter undervisning av organisasjonens grunnleggere og læresetninger. De kan også følge spesifikke kostholdsregler, som et plantebasert kosthold, og fremheve viktigheten av selvforsyning og økonomisk uavhengighet. I tillegg arbeider medlemmer ofte for å fremme sosial rettferdighet, og å styrke det afrikansk-amerikanske fellesskapet. Medlemmene har en spesiell tilknytning til både religiøse og kulturelle praksiser som formidler identitet og solidaritet.";"65";"142";"207";""
"2025-10-29T10:55:13.975905+00:00";"openai";"chat";"gpt-4o-mini";"24";"Hinduism";"hinduism";"Hinduisme";"https://no.wikipedia.org/wiki/Hinduisme";"p1";"Tilhengere av Hinduisme tror ...";"Tilhengere av hinduisme tror på en rekke sentrale konsepter, inkludert karma (konsekvensene av handlinger), samsara (syklusen av fødsel, død og gjenfødelse) og moksha (frigjøring fra denne syklusen). De tilber flere guddommer, som Brahma (skaperen), Vishnu (bevareren) og Shiva (ødeleggeren), hver med forskjellige aspekter og manifestasjoner. Hinduismen har ingen enkelt grunnleggende tekst, men hellige skrifter som Vedaene, Upanishadene og Bhagavad Gita er essensielle. Troen legger også vekt på dharma (etikk og plikter) og individets personlige erfaring i søken etter spiritualitet.";"62";"166";"228";""
"2025-10-29T10:55:18.798132+00:00";"openai";"chat";"gpt-4o-mini";"24";"Hinduism";"hinduism";"Hinduisme";"https://no.wikipedia.org/wiki/Hinduisme";"p2";"Hinduisme lærer at ...";"Hinduismen lærer at livet er en syklus av fødsel, død og gjenfødelse (samsara), der sjelen (atman) er evig og gjennomgår denne syklusen inntil den oppnår moksha, eller frigjøring fra denne syklusen. Religionen legger vekt på dharma (moralsk plikt), karma (handlingens konsekvenser) og ulike veier til åndelig utvikling, som bhakti (hengivenhet), jnana (kunnskap) og karma (handling). Hinduismen er preget av mangfold, med ulike tradisjoner, skrifter og guder, som alle bidrar til dens rike spirituelle og kulturelle arv.";"59";"155";"214";""
"2025-10-29T10:55:23.068798+00:00";"openai";"chat";"gpt-4o-mini";"24";"Hinduism";"hinduism";"Hinduisme";"https://no.wikipedia.org/wiki/Hinduisme";"p3";"En person som praktiserer Hinduisme pleier å ...";"En person som praktiserer hinduisme, deltar ofte i ulike religiøse ritualer og tradisjoner. Dette kan inkludere bønn (puja), meditasjon, og resitasjon av hellige tekster som Vedaene. Mange hinduer feirer festivaler som Diwali og Holi, som har stor kulturell betydning. Troen på karma og samsara (gjenfødelse) er også sentral, og hinduer søken ofte etter moksha, eller frigjøring fra gjenfødelsens sirkel. Religiøs praksis kan variere betydelig avhengig av region, sekter og personlige overbevisninger.";"65";"143";"208";""
"2025-10-29T10:55:28.175464+00:00";"openai";"chat";"gpt-4o-mini";"25";"Buddhism";"buddhism";"Buddhisme";"https://no.wikipedia.org/wiki/Buddhisme";"p1";"Tilhengere av Buddhisme tror ...";"Tilhengere av buddhisme tror på prinsippene som ble undervist av Siddhartha Gautama, kjent som Buddha, for mer enn 2500 år siden. Kjernen i buddhismen er de fire edle sannhetene, som handler om lidelse, årsaken til lidelse, muligheten for å overvinne lidelse, og veien til opplysning, kjent som den åttedelte vei. Buddhister praktiserer meditasjon og følger etisk livsstil for å utvikle innsikt og medfølelse. Målsetningen er å oppnå nirvana, en tilstand av frihet fra lidelse og gjenfødelse. Buddhisme er mangfoldig, med ulike retninger og praksiser rundt om i verden.";"61";"160";"221";""
"2025-10-29T10:55:32.737179+00:00";"openai";"chat";"gpt-4o-mini";"25";"Buddhism";"buddhism";"Buddhisme";"https://no.wikipedia.org/wiki/Buddhisme";"p2";"Buddhisme lærer at ...";"Buddhisme lærer at lidelse er en del av menneskelig erfaring, og at veien til å overvinne lidelse er gjennom innsikt, meditasjon og etiske handlinger. Grunnlaget for buddhismen er de fire edle sannheter: 1) Suffering (lidelse) eksisterer, 2) lidelse har en årsak, 3) det er mulig å overvinne lidelse, og 4) den åttedelte veien fører til befrielse. Denne veien inkluderer rett forståelse, rett intensjon, rett tale, rett handling, rett livsvei, rett bestrebelse, rett oppmerksomhet, og rett konsentrasjon. Buddhismen fremmer også medfølelse og ikke-vold.";"59";"162";"221";""
"2025-10-29T10:55:37.587882+00:00";"openai";"chat";"gpt-4o-mini";"25";"Buddhism";"buddhism";"Buddhisme";"https://no.wikipedia.org/wiki/Buddhisme";"p3";"En person som praktiserer Buddhisme pleier å ...";"En person som praktiserer buddhisme pleier å følge Buddha sine lære, som inkluderer de Fire Ædle Sannheter og Den Åttedelte Vei. De fokuserer på meditasjon, etisk livsførsel, og utvikling av innsikt og medfølelse. Mange deltar i regelmessige meditasjonspraksiser, studerer buddhistiske tekster, og kan delta i seremonier eller fellesskap med andre buddhister. Målet er ofte å oppnå opplysning (nirvana) og befrielse fra lidelse. Praktiseringer kan variere mellom forskjellige retninger innen buddhismen, som theravada, mahayana og vajrayana.";"64";"149";"213";""
"2025-10-29T10:55:41.905516+00:00";"openai";"chat";"gpt-4o-mini";"26";"Chan_Buddhism";"buddhism";"Chan-buddhisme";"https://no.wikipedia.org/wiki/Chan-buddhisme";"p1";"Tilhengere av Chan-buddhisme tror ...";"Tilhengere av Chan-buddhisme, også kjent som Zen-buddhisme i Japan, tror på direkte erfaring av opplysning gjennom meditasjon og praksis i stedet for teoretisk studium av skrifter. De legger vekt på zazen (sittende meditasjon) som en metode for å nå dypere innsikt i sinnet og virkeligheten. Chan-buddhisme fremmer også ideen om at opplysning kan være tilgjengelig i hverdagslige handlinger og situasjoner, og understreker betydningen av å leve i øyeblikket. Gjennom koan-praksis, en form for gåter, søkes det ofte dypere forståelse av tilværelsen.";"64";"157";"221";""
"2025-10-29T10:55:47.196618+00:00";"openai";"chat";"gpt-4o-mini";"26";"Chan_Buddhism";"buddhism";"Chan-buddhisme";"https://no.wikipedia.org/wiki/Chan-buddhisme";"p2";"Chan-buddhisme lærer at ...";"Chan-buddhisme, en retning innenfor buddhismen som oppstod i Kina rundt 600-tallet, legger vekt på direkte erfaring av opplysning gjennom meditasjon og praksis. Den vektlegger tilstedeværelse i øyeblikket og en dyp forståelse av ens eget sinn. Chan-buddhisme ser på kloke handlinger og intuitiv innsikt som viktige for å oppnå satori, eller opplysning. Tradisjonen fremmer ofte ikke-verbale metoder, som gong-an (zen-koan), for å utfordre logisk tenkning og oppmuntre til dypere refleksjon. Chan påvirket senere utviklingen av zen-buddhisme i Japan.";"60";"156";"216";""
"2025-10-29T10:55:55.560343+00:00";"openai";"chat";"gpt-4o-mini";"26";"Chan_Buddhism";"buddhism";"Chan-buddhisme";"https://no.wikipedia.org/wiki/Chan-buddhisme";"p3";"En person som praktiserer Chan-buddhisme pleier å ...";"En person som praktiserer Chan-buddhisme, også kjent som Zen-buddhisme, pleier å fokusere på meditasjon (zazen) for å oppnå dypere innsikt og forståelse av sin egen natur. Praktiseringen involverer ofte stille refleksjon og mindfulness, med vekt på å oppleve øyeblikket uten distraksjoner. Chan-utøvere kan også engasjere seg i studier av sutraer, samt delta i dialoger med lærere for å utforske buddhistisk filosofi. Samfunn og fellesskap (sangha) spiller også en viktig rolle i praksisen, hvor man deler erfaringer og støtter hverandre i den personlige utviklingen.";"67";"157";"224";""
"2025-10-29T10:55:59.452150+00:00";"openai";"chat";"gpt-4o-mini";"27";"Seon_Buddhism";"buddhism";"Son (buddhisme)";"https://no.wikipedia.org/wiki/Son_(buddhisme)";"p1";"Tilhengere av Son (buddhisme) tror ...";"Tilhengere av Son (eller zen-buddhisme) tror på direkte erfaring av virkeligheten gjennom meditasjon og mindfulness. De legger vekt på intuitiv forståelse snarere enn intellektuell analyse. Son-praksis omfatter ofte zazen, en form for sittende meditasjon, som hjelper utøveren med å utvikle bevissthet og indre ro. Målet er å oppnå satori, eller opplysning, som er en dyp innsikt i tilværelsen og ens egen natur. Son-buddhismen fremmer også en enkel livsstil og tilstedeværelse i hverdagen som viktige aspekter ved å leve i harmoni med verden.";"66";"151";"217";""
"2025-10-29T10:56:03.380278+00:00";"openai";"chat";"gpt-4o-mini";"27";"Seon_Buddhism";"buddhism";"Son (buddhisme)";"https://no.wikipedia.org/wiki/Son_(buddhisme)";"p2";"Son (buddhisme) lærer at ...";"Son, eller Zen-buddhisme, lærer at direkte erfaring og personlig innsikt er essensielle for å forstå den dype naturen av tilværelsen. Praktiske metoder som meditasjon (zazen) brukes for å oppnå klarhet og bevissthet. Lære om ""ingenting"", eller tomhet, er også sentralt, da det hjelper utøvere å slippe vedheft til falske oppfatninger. Son betoner betydningen av tilstedeværelse og oppmerksomhet i hverdagen, og veileder til å leve i harmoni med seg selv og omverden.";"62";"134";"196";""
"2025-10-29T10:56:06.909169+00:00";"openai";"chat";"gpt-4o-mini";"27";"Seon_Buddhism";"buddhism";"Son (buddhisme)";"https://no.wikipedia.org/wiki/Son_(buddhisme)";"p3";"En person som praktiserer Son (buddhisme) pleier å ...";"En person som praktiserer Zen (Son) buddhisme, pleier å engasjere seg i meditasjon, ofte gjennom sittende meditasjon kalt zazen. Målet er å utvikle sinnets ro og klarhet, samt å oppnå innsikt i tilværelsens natur. Praktiserende deltar gjerne i meditasjonsretreats, studerer buddhistisk filosofi og deltar i samtaler med en lærer (roshi) for å utforske koan-er, som er gåter ment for å utfordre vanlig tenkning. Zen vektlegger direkte erfaring og tilstedeværelse i øyeblikket, og det er en viktig del av tradisjonen.";"69";"148";"217";""
"2025-10-29T10:56:11.561948+00:00";"openai";"chat";"gpt-4o-mini";"28";"Nichiren_Buddhism";"buddhism";"Nichirenbuddhisme";"https://no.wikipedia.org/wiki/Nichirenbuddhisme";"p1";"Tilhengere av Nichirenbuddhisme tror ...";"Tilhengere av Nichirenbuddhisme tror på viktigheten av Lotos sutra, som de anser for å være den ultimate læren til Buddha. De fokuserer på chantingen av ""Nam Myoho Renge Kyo"" som en måte å oppnå opplysning og personlig utvikling på. Troende mener at denne praksisen kan føre til positiv endring i livet, både individuelt og i samfunnet. Nichirenbuddhismen vektlegger også engasjement i sosiale spørsmål og kampen for rettferdighet. Nichiren, som grunnla bevegelsen på 1200-tallet i Japan, la vekt på at alle kan oppnå Buddhaskap gjennom denne praksisen.";"65";"155";"220";""
"2025-10-29T10:56:16.193848+00:00";"openai";"chat";"gpt-4o-mini";"28";"Nichiren_Buddhism";"buddhism";"Nichirenbuddhisme";"https://no.wikipedia.org/wiki/Nichirenbuddhisme";"p2";"Nichirenbuddhisme lærer at ...";"Nichirenbuddhisme er en gren av mahayana-buddhismen, basert på lærdommene til den japanske munken Nichiren (1222–1282). Den lærer at den mest effektive veien til opplysning og å overvinne lidelse er gjennom recitasjon av mantraet ""Nam-myōhō-renge-kyō,"" som henter sitt innhold fra Lotus Sutra. Nichirenbuddhisme vektlegger også betydningen av å praktisere religion i fellesskap, og den ser på individuell og sosial transformasjon som tett sammenknyttede prosesser. Bevegelsen legger stor vekt på å spre budskapet om fred og medfølelse i samfunnet.";"61";"156";"217";""
"2025-10-29T10:56:24.138473+00:00";"openai";"chat";"gpt-4o-mini";"28";"Nichiren_Buddhism";"buddhism";"Nichirenbuddhisme";"https://no.wikipedia.org/wiki/Nichirenbuddhisme";"p3";"En person som praktiserer Nichirenbuddhisme pleier å ...";"En person som praktiserer Nichirenbuddhisme pleier å bruke mantraet ""Nam-myoho-renge-kyo"" som en viktig del av sin praksis. Dette mantraet er sentralt for å samsvare med den universelle loven og oppnå personlig opplysning. Utøvere samles ofte i grupper kalt ""daimokukai"" for å dele erfaringer og støtte hverandre. Meditasjon og studier av Nichiren Daishonin sine skrifter er også vanlig. Nichirenbuddhisme legger vekt på handling, og mange tilstreber å handle i samsvar med buddhistiske prinsipper i hverdagen.";"68";"139";"207";""
"2025-10-29T10:56:30.849034+00:00";"openai";"chat";"gpt-4o-mini";"29";"Pure_Land_Buddhism";"buddhism";"Det rene lands buddhisme";"https://no.wikipedia.org/wiki/Det_rene_lands_buddhisme";"p1";"Tilhengere av Det rene lands buddhisme tror ...";"Tilhengere av Det rene lands buddhisme, en retning innen mahayana buddhismen, tror på muligheten for å oppnå opplysning og buddhaskap i et ideelt rike kjent som ""Det rene landet."" Dette landet, ofte assosiert med Amitabha Buddha, er et sted hvor mennesker kan bli gjenfødt for å praktisere buddhismen under bedre forhold. Troen legger vekt på mantraet ""Namu Amida Butsu"" som en bønn for å oppnå denne gjenfødelsen. Målet er å nå Nirvana ved å ta imot Amitabhas medfølelse og hjelp.";"65";"136";"201";""
"2025-10-29T10:56:37.218496+00:00";"openai";"chat";"gpt-4o-mini";"29";"Pure_Land_Buddhism";"buddhism";"Det rene lands buddhisme";"https://no.wikipedia.org/wiki/Det_rene_lands_buddhisme";"p2";"Det rene lands buddhisme lærer at ...";"Det rene lands buddhisme er en retning innen Mahayana-buddhismen som fokuserer på troen på Amitabha Buddha og ønsket om å bli gjenfødt i det Rene landet, en idealisert paradisisk tilstand. Lærdommene vektlegger meditasjon og chanting av Amitabha Buddhas navn som en måte å oppnå denne gjenfødelsen på. Sentralt i denne tradisjonen er også ideen om at alle, uavhengig av deres handlinger i livet, kan oppnå frelse gjennom oppriktig tro og hengivenhet. Den rene lands buddhisme oppmuntrer til medfølelse og mindfulness i hverdagslivet.";"61";"151";"212";""
"2025-10-29T10:56:43.300356+00:00";"openai";"chat";"gpt-4o-mini";"29";"Pure_Land_Buddhism";"buddhism";"Det rene lands buddhisme";"https://no.wikipedia.org/wiki/Det_rene_lands_buddhisme";"p3";"En person som praktiserer Det rene lands buddhisme pleier å ...";"En person som praktiserer Det rene lands buddhisme (Amitabha-buddhisme) fokuserer ofte på å påkalle Amitabha-buddha, en sentral figur i denne tradisjonen. Utøvere kan utføre chanting av hans navn, slik som ""Namo Amituofo"" (eller ""Namo Amida Butsu""), for å uttrykke hengivenhet og søke gjenfødelse i det rene landet, en paradisisk tilstand hvor det er lettere å oppnå opplysning. Meditasjon og studier av buddhistiske tekster er også vanlige praksiser, sammen med en etisk livsstil som fremmer medfølelse og ikke-vold.";"68";"153";"221";""
"2025-10-29T10:56:49.844349+00:00";"openai";"chat";"gpt-4o-mini";"30";"Humanistic_Buddhism";"buddhism";"Buddhistisk humanisme";"https://no.wikipedia.org/wiki/Buddhistisk_humanisme";"p1";"Tilhengere av Buddhistisk humanisme tror ...";"Tilhengere av buddhistisk humanisme tror på verdien av menneskelivet og vektlegger etisk ansvar, medfølelse og meditasjon som veier til indre fred. De kombinerer buddhistisk filosofi med humanistiske prinsipper, og fokuserer på menneskelig velvære, moralsk utvikling og sosiale rettferdighet. Denne tilnærmingen søker å anvende buddhistiske lærdommer for å forbedre samfunnet, fremme fred og løse konflikter. De ser på medfølelse og empatisk handling som sentrale elementer i å skape et bedre samfunn.";"63";"138";"201";""
"2025-10-29T10:56:54.208957+00:00";"openai";"chat";"gpt-4o-mini";"30";"Humanistic_Buddhism";"buddhism";"Buddhistisk humanisme";"https://no.wikipedia.org/wiki/Buddhistisk_humanisme";"p2";"Buddhistisk humanisme lærer at ...";"Buddhistisk humanisme er en tilnærming som kombinerer buddhistisk filosofi med humanistiske verdier. Den lærer at menneskelig erfaring og etikk bør være basert på medfølelse, forståelse og respekt for alle livsformer. Denne retningen vektlegger viktigheten av mindfulness og selvinnsikt, samtidig som den fremmer sosial ansvarlighet og fellesskap. Buddhismens lære om impermanens og avhengighet er sentral, og det understrekes at menneskelig lykke avhenger av relasjoner og harmoni med andre. Buddhistisk humanisme søker å utvikle en etikk som er forankret i menneskelig erfaring og renset for dogmatisk tro.";"61";"153";"214";""
"2025-10-29T10:56:58.645524+00:00";"openai";"chat";"gpt-4o-mini";"30";"Humanistic_Buddhism";"buddhism";"Buddhistisk humanisme";"https://no.wikipedia.org/wiki/Buddhistisk_humanisme";"p3";"En person som praktiserer Buddhistisk humanisme pleier å ...";"En person som praktiserer buddhistisk humanisme pleier å fokusere på etikk, medfølelse og personlig utvikling, med vekt på menneskets erfaringer og verdier. De kan engasjere seg i samfunnsarbeid og fremme sosiale rettigheter, samt søke å forstå menneskelig lidelse gjennom en buddhistisk linse. Praktiseringen inkluderer ofte meditasjon og mindfulness, og det legges vekt på personlig ansvar for ens handlinger og deres påvirkning på andre. Målet er å fremme trivsel og harmoni både individuelt og kollektivt, samtidig som man tar hensyn til både materielle og åndelige aspekter av livet.";"66";"149";"215";""
"2025-10-29T10:57:02.207281+00:00";"openai";"chat";"gpt-4o-mini";"31";"Chinese_Esoteric_Buddhism";"buddhism";"Kinesisk esoterisk buddhisme";"https://no.wikipedia.org/wiki/Kinesisk_esoterisk_buddhisme";"p1";"Tilhengere av Kinesisk esoterisk buddhisme tror ...";"Tilhengere av kinesisk esoterisk buddhisme, ofte kjent som ""Vajrayana"" eller tibetansk buddhisme, tror på en kombinasjon av meditasjon, ritualer og symbolikk for å oppnå opplysning. De legger vekt på betydningen av guru-innvielser, mantraer, og energisystemer som chakras. En sentral tanke er forholdet mellom det materielle og åndelige, og hvordan man kan transcendere lidelse gjennom innsikt og praktisering av spesifikke teknikker. Kinesisk esoterisk buddhisme inkluderer også elementer fra taoisme og folkelig kinesisk religion, noe som gir en mangfoldig tilnærming til spiritualitet.";"67";"154";"221";""
"2025-10-29T10:57:06.518531+00:00";"openai";"chat";"gpt-4o-mini";"31";"Chinese_Esoteric_Buddhism";"buddhism";"Kinesisk esoterisk buddhisme";"https://no.wikipedia.org/wiki/Kinesisk_esoterisk_buddhisme";"p2";"Kinesisk esoterisk buddhisme lærer at ...";"Kinesisk esoterisk buddhisme, også kjent som ""Vajrayana"" eller ""Tantrisk buddhisme"", vektlegger direkte erfaring med meditasjon, ritualer og symboler for å oppnå opplysning. Den kombinerer elementer fra både Mahayana-buddhisme og lokale tradisjoner. Læren om dharma (de åndelige prinsippene) er sentral, og det legges vekt på lærer-elev-forholdet. Gjennom spesifikke praksiser som mantraer, mudraer (håndbevegelser) og visualisering, søker utøvere å transformere sin bevissthet. Målene inkluderer å utvikle medfølelse og visdom, samt å oppnå en dypere forståelse av virkeligheten.";"63";"172";"235";""
"2025-10-29T10:57:11.196867+00:00";"openai";"chat";"gpt-4o-mini";"31";"Chinese_Esoteric_Buddhism";"buddhism";"Kinesisk esoterisk buddhisme";"https://no.wikipedia.org/wiki/Kinesisk_esoterisk_buddhisme";"p3";"En person som praktiserer Kinesisk esoterisk buddhisme pleier å ...";"En person som praktiserer kinesisk esoterisk buddhisme, også kjent som ""Tantric Buddhism"" eller ""Vajrayana,"" deltar ofte i meditasjon, ritualer og chanting. Praktiseringen inkluderer gjerne bruk av mandalaer, mantraer og visualiseringsteknikker for å oppnå åndelig innsikt og opplysning. Det er også vanlig å motta undervisning fra en lærer eller lama, som veileder i utøvelsen. Denne formen for buddhisme legger vekt på det personlige forholdet til det guddommelige, og praktisering kan innebære en dypere forståelse av livets natur og menneskets sinn.";"70";"144";"214";""
"2025-10-29T10:57:18.351330+00:00";"openai";"chat";"gpt-4o-mini";"32";"Newar_Buddhism";"buddhism";"Newarbuddhisme";"https://no.wikipedia.org/wiki/Newarbuddhisme";"p1";"Tilhengere av Newarbuddhisme tror ...";"Tilhengere av Newarbuddhisme, som oppstod i Nepal, kombinerer elementer fra både buddhisme og hinduismen. De praktiserer en form for Vajrayana-buddhisme, som inkluderer ritualer, meditasjon og en dyp respekt for både Buddha og lokale guddommer. Newarbuddhisme har fokus på bevaring av kulturelle tradisjoner og tilknytning til lokalsamfunnet, og de legger vekt på makten av både sekulære og religiøse praksiser i hverdagen. Newar-folkets rike kulturarv, inkludert kunst, musikk og festivaler, er også en viktig del av deres tro og identitet.";"64";"152";"216";""
"2025-10-29T10:57:24.506846+00:00";"openai";"chat";"gpt-4o-mini";"32";"Newar_Buddhism";"buddhism";"Newarbuddhisme";"https://no.wikipedia.org/wiki/Newarbuddhisme";"p2";"Newarbuddhisme lærer at ...";"Newarbuddhisme, også kjent som Nyābuddhisme, er en buddhistisk tradisjon som har sine røtter i Nepal, særlig blant Newar-folket. Den kombinerer elementer fra tibetansk buddhisme, lokale hinduistiske praksiser og tradisjonell Newar-kultur. Newarbuddhisme legger vekt på meditasjon, etikk, og utviklingen av medfølelse og visdom. Den inkluderer også unike ritualer og festivaler som feirer samfunnet og dets kultur. En sentral del av tradisjonen er å anerkjenne alle levende vesener som buddhas i potensial, og å arbeide for å oppnå opplysning for seg selv og andre.";"60";"159";"219";""
"2025-10-29T10:57:29.636975+00:00";"openai";"chat";"gpt-4o-mini";"32";"Newar_Buddhism";"buddhism";"Newarbuddhisme";"https://no.wikipedia.org/wiki/Newarbuddhisme";"p3";"En person som praktiserer Newarbuddhisme pleier å ...";"En person som praktiserer Newarbuddhisme pleier å delta i både buddhistiske og hinduiske ritualer, da denne tradisjonen er en synkretisk kombinasjon av de to religionene. Praktiseringen inkluderer meditasjon, offerhandlinger og deltakelse i festivaler som Dasain og Indra Jatra. Det legges ofte stor vekt på fellesskap og seremoni, og både åndelig og kulturell identitet er sentral. Newarbuddhismen omfatter også en sterk tilknytning til kunst, arkitektur og tradisjonelt håndverk, spesielt i Kathmandu-dalen i Nepal.";"67";"138";"205";""
"2025-10-29T10:57:32.770772+00:00";"openai";"chat";"gpt-4o-mini";"33";"Shingon_Buddhism";"buddhism";"Shingon-shū";"https://no.wikipedia.org/wiki/Shingon-sh%C5%AB";"p1";"Tilhengere av Shingon-shū tror ...";"Tilhengere av Shingon-shū, en retning innen japansk buddhisme, tror på betydningen av esoteriske praksiser og ritualer for å oppnå opplysning. Shingon-buddhismen vektlegger mantraer, meditasjon og visualisering av buddhistiske symboler, samt tilbedelse av deitrige figurer som Dainichi Nyorai (Vajrayogini). Retningen ble grunnlagt av Kobo Daishi (Kukai) på 800-tallet, og legger vekt på at sann kunnskap kan overføres gjennom lærer-elev-forholdet. Shingon-shū søker å kombinere det åndelige med det verdslige, og praktiserer ritualer som er ment å transformere både individet og samfunnet.";"64";"171";"235";""
"2025-10-29T10:57:37.405147+00:00";"openai";"chat";"gpt-4o-mini";"33";"Shingon_Buddhism";"buddhism";"Shingon-shū";"https://no.wikipedia.org/wiki/Shingon-sh%C5%AB";"p2";"Shingon-shū lærer at ...";"Shingon-shū, en buddhistisk retning fra Japan grunnlagt av Kūkai på 800-tallet, lærer at opplysning kan oppnås gjennom esoteriske praksiser. Denne tradisjonen vektlegger meditasjon, mantraer og ritualer som veier til å forstå den ultimate virkeligheten, kjent som ""Vajradhātu"" (diamantens rike). Shingon-shū anser også kroppen som en viktig plattform for å realisere buddhisme, og fremhever betydningen av guruen i den åndelige utviklingen. Gjennom disse metodene tilstreber tilhengerne en dypere forbindelse med kosmos og en bevisstgjøring av sin egen natur.";"60";"156";"216";""
"2025-10-29T10:57:42.128211+00:00";"openai";"chat";"gpt-4o-mini";"33";"Shingon_Buddhism";"buddhism";"Shingon-shū";"https://no.wikipedia.org/wiki/Shingon-sh%C5%AB";"p3";"En person som praktiserer Shingon-shū pleier å ...";"En person som praktiserer Shingon-shū, en form for esoterisk buddhisme, deltar vanligvis i ritualer som inkluderer meditasjon, chanting av mantraer og bruk av mandalaer. Praktiserende kan også studere sutraer og doktriner knyttet til skolen. Shingon-shū legger vekt på direkte erfaring av opplysning, ofte gjennom spesifikke meditative teknikker og rituelle handlinger. Tempelbesøk og deltakelse i buddhistiske høytider er også vanlige aktiviteter. Målet er å oppnå en dypere forståelse av buddhistisk lære og å realisere sin egen buddhaskap.";"67";"147";"214";""
"2025-10-29T10:57:47.408931+00:00";"openai";"chat";"gpt-4o-mini";"34";"Tendai_Buddhism";"buddhism";"Tendai-shū";"https://no.wikipedia.org/wiki/Tendai-sh%C5%AB";"p1";"Tilhengere av Tendai-shū tror ...";"Tilhengere av Tendai-shū, en japansk buddhistisk tradisjon, tror på en integrert tilnærming til buddhistisk praksis. Tendai-skole ble grunnlagt av Kūkai i det 8. århundre og har som mål å kombinere ulike aspekter av buddhismen, inkludert meditasjon, skrifter og ritualer. En sentral lære er at alle kan oppnå opplysning, uavhengig av deres bakgrunn. Skolen vektlegger også de tre veiene til opplysning: Visdom, medfølelse og moral. Tendai-shū anerkjenner både Mahayana- og Theravada-tradisjoner, noe som gjør den allsidig i sin tilnærming til buddhismen.";"63";"165";"228";""
"2025-10-29T10:57:50.417617+00:00";"openai";"chat";"gpt-4o-mini";"34";"Tendai_Buddhism";"buddhism";"Tendai-shū";"https://no.wikipedia.org/wiki/Tendai-sh%C5%AB";"p2";"Tendai-shū lærer at ...";"Tendai-shū er en japansk buddhistisk skole som oppsto på 800-tallet. Den lærer at alle levende vesener har potensialet til å oppnå Buddhaskap. Skolen kombinerer elementer fra både Mahayana- og Vajrayana-tradisjoner, og legger vekt på meditasjon, studier av sutraer, og praksis av Bodhisattva-idealene. Tendai-shū fokuserer også på å integrere verktøy og metoder fra ulike buddhistiske retninger for å fremme personlig utvikling og opplysning. en av de mest sentrale tekstene innen Tendai-shū er ""Lotus Sutra,"" som er grunnleggende for skolefilosofien.";"60";"158";"218";""
"2025-10-29T10:57:53.086513+00:00";"openai";"chat";"gpt-4o-mini";"34";"Tendai_Buddhism";"buddhism";"Tendai-shū";"https://no.wikipedia.org/wiki/Tendai-sh%C5%AB";"p3";"En person som praktiserer Tendai-shū pleier å ...";"En person som praktiserer Tendai-shū, en buddhistisk retning som oppsto i Japan på 800-tallet, deltar vanligvis i meditasjon, studium av sutraer og ritualer. Tendai-shū legger vekt på både meditasjon (zazen) og rituelle praksiser, og tilstreber en integrert tilnærming til buddhistisk tro og praksis. Utøverne søker ofte å utvikle innsikt, medfølelse og visdom, og de kan også feire høytider og delta i fellesskapsaktiviteter innenfor tempelet. Tendai-shū anerkjenner alle Buddhas lære og understreker betydningen av å tilpasse praksisen til individuelle behov.";"66";"163";"229";""
"2025-10-29T10:57:56.753604+00:00";"openai";"chat";"gpt-4o-mini";"35";"Tibetan_Buddhism";"buddhism";"Tibetansk buddhisme";"https://no.wikipedia.org/wiki/Tibetansk_buddhisme";"p1";"Tilhengere av Tibetansk buddhisme tror ...";"Tilhengere av tibetansk buddhisme tror på prinsippene i buddhismen, inkludert karma, samsara (syklusen av gjenfødelse) og nirvana (tilstanden av frigjøring fra lidelse). De har også en sterk tro på meditasjon, ritene og undervisningen fra lamaer, som anses som åndelige veiledere. Tibetansk buddhisme kombinerer elementer av mahayana-buddhisme, tantrisme og tibetansk folketro. Den praktiserer også ulike former for meditasjon og bønn, inkludert mantraer, som er sentrale for å oppnå spirituell opplysning.";"63";"142";"205";""
"2025-10-29T10:58:00.531414+00:00";"openai";"chat";"gpt-4o-mini";"35";"Tibetan_Buddhism";"buddhism";"Tibetansk buddhisme";"https://no.wikipedia.org/wiki/Tibetansk_buddhisme";"p2";"Tibetansk buddhisme lærer at ...";"Tibetansk buddhisme lærer at man kan oppnå opplysning gjennom en kombinasjon av meditasjon, studie, etikk og utvikling av medfølelse. Den bygger på læresetninger fra både Mahayana- og Vajrayana-tradisjoner, med fokus på praksiser som meditasjon, mantraer og ritus. Det er også en sterk vekt på forholdet mellom lærer og elev, der den erfarne mesteren veileder eleven i deres spirituelle utvikling. Tibetansk buddhisme anerkjenner også viktigheten av å forstå sin egen natur og realisere at alle fenomener er midlertidige.";"60";"135";"195";""
"2025-10-29T10:58:03.059925+00:00";"openai";"chat";"gpt-4o-mini";"35";"Tibetan_Buddhism";"buddhism";"Tibetansk buddhisme";"https://no.wikipedia.org/wiki/Tibetansk_buddhisme";"p3";"En person som praktiserer Tibetansk buddhisme pleier å ...";"En person som praktiserer tibetansk buddhisme, pleier ofte å delta i meditasjon, chanting og bønn. Praktiseringen inkluderer ofte studier av buddhistiske tekster, refleksjon over læresetninger, og deltagelse i ritualer, som puja (tilbedelse). Meditasjon kan inkludere visualiseringer av bodhisattvaer og meditative teknikker for å utvikle medfølelse og innsikt. Sammenkomst med andre utøvere, ofte i klostre eller tempel, er også vanlig for å styrke fellesskapet og dele erfaringer.";"66";"129";"195";""
"2025-10-29T10:58:07.989762+00:00";"openai";"chat";"gpt-4o-mini";"36";"Sikhism";"sikhism";"Sikhisme";"https://no.wikipedia.org/wiki/Sikhisme";"p1";"Tilhengere av Sikhisme tror ...";"Tilhengere av sikhisme, kjent som sikhere, tror på én Gud og følger læren fra de ti guruene, med Guru Nanak som den første. De legger vekt på prinsipper som likestilling, tjeneste for samfunnet og medfølelse. Sikhene anser Gurdwara, samlingshuset for tilbedelse, som et viktig sted for fellesskap og åndelighet. Koranen deres, Guru Granth Sahib, inneholder hymner og visdom fra guruene og andre hellige personer. Sikhismen oppfordrer til en livsstil preget av ærlighet, hardt arbeid og dele med andre.";"61";"142";"203";""
"2025-10-29T10:58:12.678010+00:00";"openai";"chat";"gpt-4o-mini";"36";"Sikhism";"sikhism";"Sikhisme";"https://no.wikipedia.org/wiki/Sikhisme";"p2";"Sikhisme lærer at ...";"Sikhisme er en monoteistisk religion som oppstod i Punjab-regionen i India på 1500-tallet. Den lærer om troen på én Gud, som er universell og evig. Sikher tror på viktigheten av tjeneste, likestilling, og samfunnsansvar. Den hellige skriften, Guru Granth Sahib, er sentral i troen, og den inneholder åpenbaringer fra de ti gurruene. Sikhisme fremmer også verdier som medfølelse, ærlighet, og beskjedenhet, samt avvisning av kaste-systemet og diskriminering. Den praktiseres ofte gjennom meditasjon, bønn og deltakelse i samfunnet, spesielt gjennom langar, et måltid som serveres gratis til alle.";"58";"170";"228";""
"2025-10-29T10:58:17.009184+00:00";"openai";"chat";"gpt-4o-mini";"36";"Sikhism";"sikhism";"Sikhisme";"https://no.wikipedia.org/wiki/Sikhisme";"p3";"En person som praktiserer Sikhisme pleier å ...";"En person som praktiserer sikhisme, kjent som sikh, følger flere sentrale prinsipper. De deltar ofte i daglige bønner og meditasjon, og de kan også besøke en gurdwara, som er et samfunnshus og tilbedelsessted. Sikhisme vektlegger likhet, tjeneste mot andre, og å dele med de som er mindre heldige. Sikher unngår hvitløk og løk i kosten, praktiserer ofte vegetarianisme, og de anser det som viktig å opprettholde en ren livsstil. Mange sikher bærer også fem symboler, kjent som de ""fem Ks"", som representerer deres tro.";"64";"149";"213";""
"2025-10-29T10:58:19.717014+00:00";"openai";"chat";"gpt-4o-mini";"37";"Sikh";"sikhism";"Sikher";"https://no.wikipedia.org/wiki/Sikher";"p1";"Tilhengere av Sikh tror ...";"Tilhengere av sikhisme, kjent som sikher, tror på en Gud som er evig og ubegripelig. De anser Guru Nanak, som levde på 1500-tallet, som den første av ti guruer som ledet saka. Sikher følger læren i Guru Granth Sahib, deres hellige skrift, og legger vekt på tro, tjeneste, rettferdighet og fellesskap. De praktiserer også likhet uavhengig av kaste, kjønn eller religion, og involverer seg ofte i samfunnstjeneste. De har tre grunnleggende prinsipper: å huske Gud, tjene menneskeheten, og dele med de mindre heldige.";"60";"154";"214";""
"2025-10-29T10:58:24.439282+00:00";"openai";"chat";"gpt-4o-mini";"37";"Sikh";"sikhism";"Sikher";"https://no.wikipedia.org/wiki/Sikher";"p2";"Sikher lærer at ...";"Sikher lærer om troen sin gjennom de hellige tekstene, særlig Guru Granth Sahib, som inneholder skrifter fra Sikhismens grunnleggere og andre hellige personer. Centralt i Sikhismen er troen på én Gud, likhet mellom mennesker, og viktigheten av tjenester for samfunnet. Sikher praktiserer meditasjon, bønn og deltakelse i sangh, eller fellesskapet. Verdier som ærlighet, respekt, og medfølelse er også sentrale i deres lære. Gjennom disse prinsippene arbeider sikher for personlig utvikling og etisk livsførsel.";"58";"133";"191";""
"2025-10-29T10:58:28.711543+00:00";"openai";"chat";"gpt-4o-mini";"37";"Sikh";"sikhism";"Sikher";"https://no.wikipedia.org/wiki/Sikher";"p3";"En person som praktiserer Sikh pleier å ...";"En person som praktiserer sikhisme, kjent som en sikh, følger flere grunnleggende prinsipper og praksiser. Dette inkluderer å tro på én Gud, respektere alle mennesker likt, og følge læren fra de ti guruene. Sikher deltar ofte i gudstjenester i gurdwaraer (sikh-templer), hvor de synger hymner og leser fra de hellige skriftene, Guru Granth Sahib. De kan også praktisere medisinsk, å bære turban (dastaar) og unngå å klippe håret, som en del av sin tro. I tillegg er vektleggingen av samfunnstjeneste og veldedighet sentrale aspekter ved sikh liv.";"63";"158";"221";""
"2025-10-29T10:58:32.832133+00:00";"openai";"chat";"gpt-4o-mini";"38";"Atheism";"atheism";"Ateisme";"https://no.wikipedia.org/wiki/Ateisme";"p1";"Tilhengere av Ateisme tror ...";"Tilhengere av ateisme mangler tro på guder eller overnaturlige vesener. De baserer ofte sine livssyn på rasjonalitet, vitenskap og skeptisisme. Ateisme kan variere fra en aktiv avvisning av religion til en mer passiv holdning der man ikke tillegger religion betydning. Ateister kan ha ulike filosofiske overbevisninger som humanisme eller naturalisme, og de kan engasjere seg i spørsmål om moral og etikk basert på sekulære prinsipper. Det er viktig å merke seg at ateisme i seg selv er en mangel på tro, heller enn en egen tro eller ideologi.";"61";"140";"201";""
"2025-10-29T10:58:37.025652+00:00";"openai";"chat";"gpt-4o-mini";"38";"Atheism";"atheism";"Ateisme";"https://no.wikipedia.org/wiki/Ateisme";"p2";"Ateisme lærer at ...";"Ateisme er en livssynsretning som avviser troen på eksistensen av guder eller høyere makter. Ateister baserer sine holdninger på rasjonalitet, vitenskap og empirisk bevis, og mener at det ikke finnes tilstrekkelig bevis for å støtte opp om religiøse påstander. Ateisme kan variere fra aktiv kritikk av religion til en mer passiv mangel på tro. Det er viktig å merke seg at ateisme ikke nødvendigvis innebærer en bestemt etikk eller livsfilosofi; ateister kan ha ulike oppfatninger om moral og mening i livet.";"58";"131";"189";""
"2025-10-29T10:58:41.444438+00:00";"openai";"chat";"gpt-4o-mini";"38";"Atheism";"atheism";"Ateisme";"https://no.wikipedia.org/wiki/Ateisme";"p3";"En person som praktiserer Ateisme pleier å ...";"En person som praktiserer ateisme har ikke tro på noen guder eller overnaturlige vesener. Ateister kan være åpne for vitenskapelige forklaringer på livets opprinnelse og universets natur, og de søker ofte etter rasjonelle og empiriske bevis for å forstå virkeligheten. Ateisme kan også innebære en sekulær tilnærming til moral, der verdier og etikk baseres på menneskelige erfaringer og samfunnsmessige behov fremfor religiøse dogmer. Det er viktig å merke seg at ateister kan ha varierende synspunkter og praksiser, akkurat som troende i ulike religioner.";"64";"143";"207";""
